task,phase,model_id,model_name,pipeline,feature_mode,kind,scenario,description,noise_2d_std,noise_3d_std,missing_joint_rate,frame_drop_rate,accuracy,macro_f1,accuracy_percent,macro_f1_percent,delta_accuracy_from_clean,delta_macro_f1_from_clean,delta_accuracy_percent_from_clean,delta_macro_f1_percent_from_clean,reference_clean_accuracy,reference_clean_macro_f1,reference_clean_accuracy_percent,reference_clean_macro_f1_percent,clean_accuracy_gap_vs_reference,clean_macro_f1_gap_vs_reference,clean_accuracy_gap_percent_vs_reference,clean_macro_f1_gap_percent_vs_reference,num_samples,num_unique_videos,dataset_num_test_samples,dataset_num_test_records,mean_gate,std_gate,min_gate,max_gate
binary,Phase 1,phase1_2d_common,Phase 1 - 2D Common,phase3,2d,single,clean,No perturbation.,0.0,0.0,0.0,0.0,0.9345699831365936,0.9234285011416303,93.45699831365935,92.34285011416303,0.0,0.0,0.0,0.0,0.9346,0.9234,93.46,92.34,-3.001686340642351e-05,2.8501141630332683e-05,-0.003001686340642351,0.0028501141630332683,2965,812,2965,812.0,,,,
binary,Phase 1,phase1_2d_common,Phase 1 - 2D Common,phase3,2d,single,gaussian_2d_0.01,Small Gaussian noise on 2D coordinates.,0.01,0.0,0.0,0.0,0.9342327150084317,0.9230569612041002,93.42327150084317,92.30569612041002,-0.00033726812816181617,-0.0003715399375301409,-0.03372681281618162,-0.03715399375301409,0.9346,0.9234,93.46,92.34,,,,,2965,812,2965,812.0,,,,
binary,Phase 1,phase1_2d_common,Phase 1 - 2D Common,phase3,2d,single,gaussian_2d_0.03,Medium Gaussian noise on 2D coordinates.,0.03,0.0,0.0,0.0,0.9335581787521079,0.9223144896932918,93.35581787521079,92.23144896932918,-0.0010118043844856706,-0.0011140114483385588,-0.10118043844856706,-0.11140114483385588,0.9346,0.9234,93.46,92.34,,,,,2965,812,2965,812.0,,,,
binary,Phase 1,phase1_2d_common,Phase 1 - 2D Common,phase3,2d,single,gaussian_2d_0.05,Strong Gaussian noise on 2D coordinates.,0.05,0.0,0.0,0.0,0.9328836424957841,0.9215258043094674,93.28836424957842,92.15258043094674,-0.001686340640809414,-0.0019026968321629312,-0.1686340640809414,-0.19026968321629312,0.9346,0.9234,93.46,92.34,,,,,2965,812,2965,812.0,,,,
binary,Phase 1,phase1_2d_common,Phase 1 - 2D Common,phase3,2d,single,gaussian_3d_0.01,Small Gaussian noise on 3D coordinates.,0.0,0.01,0.0,0.0,0.9345699831365936,0.9234285011416303,93.45699831365935,92.34285011416303,0.0,0.0,0.0,0.0,0.9346,0.9234,93.46,92.34,,,,,2965,812,2965,812.0,,,,
binary,Phase 1,phase1_2d_common,Phase 1 - 2D Common,phase3,2d,single,gaussian_3d_0.03,Medium Gaussian noise on 3D coordinates.,0.0,0.03,0.0,0.0,0.9345699831365936,0.9234285011416303,93.45699831365935,92.34285011416303,0.0,0.0,0.0,0.0,0.9346,0.9234,93.46,92.34,,,,,2965,812,2965,812.0,,,,
binary,Phase 1,phase1_2d_common,Phase 1 - 2D Common,phase3,2d,single,gaussian_3d_0.05,Strong Gaussian noise on 3D coordinates.,0.0,0.05,0.0,0.0,0.9345699831365936,0.9234285011416303,93.45699831365935,92.34285011416303,0.0,0.0,0.0,0.0,0.9346,0.9234,93.46,92.34,,,,,2965,812,2965,812.0,,,,
binary,Phase 1,phase1_2d_common,Phase 1 - 2D Common,phase3,2d,single,missing_joint_0.10,Randomly remove 10 percent of joints.,0.0,0.0,0.1,0.0,0.9288364249578415,0.9174783758561447,92.88364249578414,91.74783758561446,-0.005733558178752096,-0.0059501252854856634,-0.5733558178752096,-0.5950125285485663,0.9346,0.9234,93.46,92.34,,,,,2965,812,2965,812.0,,,,
binary,Phase 1,phase1_2d_common,Phase 1 - 2D Common,phase3,2d,single,missing_joint_0.20,Randomly remove 20 percent of joints.,0.0,0.0,0.2,0.0,0.9166947723440135,0.904434478724208,91.66947723440136,90.4434478724208,-0.017875210792580032,-0.018994022417422318,-1.7875210792580032,-1.8994022417422318,0.9346,0.9234,93.46,92.34,,,,,2965,812,2965,812.0,,,,
binary,Phase 1,phase1_2d_common,Phase 1 - 2D Common,phase3,2d,single,missing_joint_0.30,Randomly remove 30 percent of joints.,0.0,0.0,0.3,0.0,0.8964586846543001,0.8832290963912377,89.64586846543001,88.32290963912376,-0.03811129848229344,-0.04019940475039263,-3.8111298482293443,-4.019940475039263,0.9346,0.9234,93.46,92.34,,,,,2965,812,2965,812.0,,,,
binary,Phase 1,phase1_2d_common,Phase 1 - 2D Common,phase3,2d,single,frame_drop_0.10,Drop 10 percent of frames by repeating previous frame.,0.0,0.0,0.0,0.1,0.9338954468802698,0.9224987117347891,93.38954468802699,92.24987117347891,-0.0006745362563237434,-0.000929789406841186,-0.06745362563237434,-0.0929789406841186,0.9346,0.9234,93.46,92.34,,,,,2965,812,2965,812.0,,,,
binary,Phase 1,phase1_2d_common,Phase 1 - 2D Common,phase3,2d,single,frame_drop_0.20,Drop 20 percent of frames by repeating previous frame.,0.0,0.0,0.0,0.2,0.9349072512647555,0.9238461205763657,93.49072512647555,92.38461205763657,0.0003372681281619272,0.00041761943473539453,0.03372681281619272,0.04176194347353945,0.9346,0.9234,93.46,92.34,,,,,2965,812,2965,812.0,,,,
binary,Phase 1,phase1_2d_common,Phase 1 - 2D Common,phase3,2d,single,frame_drop_0.30,Drop 30 percent of frames by repeating previous frame.,0.0,0.0,0.0,0.3,0.9355817875210792,0.9246352799486315,93.55817875210792,92.46352799486314,0.0010118043844856706,0.001206778807001152,0.10118043844856706,0.1206778807001152,0.9346,0.9234,93.46,92.34,,,,,2965,812,2965,812.0,,,,
binary,Phase 1,phase1_2d_common,Phase 1 - 2D Common,phase3,2d,single,combined_light,Light combined corruption.,0.02,0.02,0.1,0.1,0.9281618887015177,0.9163047530344488,92.81618887015178,91.63047530344488,-0.0064080944350758395,-0.007123748107181527,-0.640809443507584,-0.7123748107181527,0.9346,0.9234,93.46,92.34,,,,,2965,812,2965,812.0,,,,
binary,Phase 1,phase1_2d_common,Phase 1 - 2D Common,phase3,2d,single,combined_heavy,Heavy combined corruption.,0.05,0.05,0.2,0.2,0.9156829679595279,0.9034604464588054,91.56829679595279,90.34604464588054,-0.018887015177065702,-0.01996805468282492,-1.8887015177065702,-1.996805468282492,0.9346,0.9234,93.46,92.34,,,,,2965,812,2965,812.0,,,,
binary,Phase 2,phase2_3d_common,Phase 2 - 3D Common,phase3,3d,single,clean,No perturbation.,0.0,0.0,0.0,0.0,0.927150084317032,0.9140111687198507,92.71500843170321,91.40111687198507,0.0,0.0,0.0,0.0,0.9272,0.914,92.72,91.4,-4.991568296797144e-05,1.1168719850629394e-05,-0.004991568296797144,0.0011168719850629394,2965,812,2965,812.0,,,,
binary,Phase 2,phase2_3d_common,Phase 2 - 3D Common,phase3,3d,single,gaussian_2d_0.01,Small Gaussian noise on 2D coordinates.,0.01,0.0,0.0,0.0,0.927150084317032,0.9140111687198507,92.71500843170321,91.40111687198507,0.0,0.0,0.0,0.0,0.9272,0.914,92.72,91.4,,,,,2965,812,2965,812.0,,,,
binary,Phase 2,phase2_3d_common,Phase 2 - 3D Common,phase3,3d,single,gaussian_2d_0.03,Medium Gaussian noise on 2D coordinates.,0.03,0.0,0.0,0.0,0.927150084317032,0.9140111687198507,92.71500843170321,91.40111687198507,0.0,0.0,0.0,0.0,0.9272,0.914,92.72,91.4,,,,,2965,812,2965,812.0,,,,
binary,Phase 2,phase2_3d_common,Phase 2 - 3D Common,phase3,3d,single,gaussian_2d_0.05,Strong Gaussian noise on 2D coordinates.,0.05,0.0,0.0,0.0,0.927150084317032,0.9140111687198507,92.71500843170321,91.40111687198507,0.0,0.0,0.0,0.0,0.9272,0.914,92.72,91.4,,,,,2965,812,2965,812.0,,,,
binary,Phase 2,phase2_3d_common,Phase 2 - 3D Common,phase3,3d,single,gaussian_3d_0.01,Small Gaussian noise on 3D coordinates.,0.0,0.01,0.0,0.0,0.9264755480607083,0.9132149758376271,92.64755480607083,91.3214975837627,-0.0006745362563237434,-0.0007961928822235453,-0.06745362563237434,-0.07961928822235453,0.9272,0.914,92.72,91.4,,,,,2965,812,2965,812.0,,,,
binary,Phase 2,phase2_3d_common,Phase 2 - 3D Common,phase3,3d,single,gaussian_3d_0.03,Medium Gaussian noise on 3D coordinates.,0.0,0.03,0.0,0.0,0.9268128161888701,0.9136935506350262,92.68128161888701,91.36935506350262,-0.0003372681281619272,-0.00031761808482444476,-0.03372681281619272,-0.031761808482444476,0.9272,0.914,92.72,91.4,,,,,2965,812,2965,812.0,,,,
binary,Phase 2,phase2_3d_common,Phase 2 - 3D Common,phase3,3d,single,gaussian_3d_0.05,Strong Gaussian noise on 3D coordinates.,0.0,0.05,0.0,0.0,0.927150084317032,0.9139575650813133,92.71500843170321,91.39575650813133,0.0,-5.360363853734729e-05,0.0,-0.005360363853734729,0.9272,0.914,92.72,91.4,,,,,2965,812,2965,812.0,,,,
binary,Phase 2,phase2_3d_common,Phase 2 - 3D Common,phase3,3d,single,missing_joint_0.10,Randomly remove 10 percent of joints.,0.0,0.0,0.1,0.0,0.921079258010118,0.9068454327798383,92.1079258010118,90.68454327798383,-0.006070826306914023,-0.007165735940012352,-0.6070826306914023,-0.7165735940012352,0.9272,0.914,92.72,91.4,,,,,2965,812,2965,812.0,,,,
binary,Phase 2,phase2_3d_common,Phase 2 - 3D Common,phase3,3d,single,missing_joint_0.20,Randomly remove 20 percent of joints.,0.0,0.0,0.2,0.0,0.9112984822934233,0.8946055623697006,91.12984822934233,89.46055623697006,-0.015851602023608802,-0.019405606350150095,-1.5851602023608802,-1.9405606350150095,0.9272,0.914,92.72,91.4,,,,,2965,812,2965,812.0,,,,
binary,Phase 2,phase2_3d_common,Phase 2 - 3D Common,phase3,3d,single,missing_joint_0.30,Randomly remove 30 percent of joints.,0.0,0.0,0.3,0.0,0.8988195615514334,0.878319637281714,89.88195615514334,87.8319637281714,-0.028330522765598665,-0.03569153143813664,-2.8330522765598665,-3.5691531438136637,0.9272,0.914,92.72,91.4,,,,,2965,812,2965,812.0,,,,
binary,Phase 2,phase2_3d_common,Phase 2 - 3D Common,phase3,3d,single,frame_drop_0.10,Drop 10 percent of frames by repeating previous frame.,0.0,0.0,0.0,0.1,0.9264755480607083,0.9132689153388036,92.64755480607083,91.32689153388036,-0.0006745362563237434,-0.0007422533810470533,-0.06745362563237434,-0.07422533810470533,0.9272,0.914,92.72,91.4,,,,,2965,812,2965,812.0,,,,
binary,Phase 2,phase2_3d_common,Phase 2 - 3D Common,phase3,3d,single,frame_drop_0.20,Drop 20 percent of frames by repeating previous frame.,0.0,0.0,0.0,0.2,0.9264755480607083,0.9132689153388036,92.64755480607083,91.32689153388036,-0.0006745362563237434,-0.0007422533810470533,-0.06745362563237434,-0.07422533810470533,0.9272,0.914,92.72,91.4,,,,,2965,812,2965,812.0,,,,
binary,Phase 2,phase2_3d_common,Phase 2 - 3D Common,phase3,3d,single,frame_drop_0.30,Drop 30 percent of frames by repeating previous frame.,0.0,0.0,0.0,0.3,0.927150084317032,0.9139575650813133,92.71500843170321,91.39575650813133,0.0,-5.360363853734729e-05,0.0,-0.005360363853734729,0.9272,0.914,92.72,91.4,,,,,2965,812,2965,812.0,,,,
binary,Phase 2,phase2_3d_common,Phase 2 - 3D Common,phase3,3d,single,combined_light,Light combined corruption.,0.02,0.02,0.1,0.1,0.9261382799325464,0.9130058314971046,92.61382799325463,91.30058314971046,-0.0010118043844856706,-0.0010053372227460944,-0.10118043844856706,-0.10053372227460944,0.9272,0.914,92.72,91.4,,,,,2965,812,2965,812.0,,,,
binary,Phase 2,phase2_3d_common,Phase 2 - 3D Common,phase3,3d,single,combined_heavy,Heavy combined corruption.,0.05,0.05,0.2,0.2,0.9106239460370995,0.893668187364848,91.06239460370995,89.3668187364848,-0.016526138279932545,-0.020342981355002676,-1.6526138279932545,-2.0342981355002676,0.9272,0.914,92.72,91.4,,,,,2965,812,2965,812.0,,,,
binary,Phase 2,phase2_concat_common,Phase 2 - 2D+3D Concat Common,phase3,concat,single,clean,No perturbation.,0.0,0.0,0.0,0.0,0.93929173693086,0.929905437352246,93.929173693086,92.99054373522459,0.0,0.0,0.0,0.0,0.9393,0.9299,93.93,92.99,-8.263069140035384e-06,5.4373522460071655e-06,-0.0008263069140035384,0.0005437352246007165,2965,812,2965,812.0,,,,
binary,Phase 2,phase2_concat_common,Phase 2 - 2D+3D Concat Common,phase3,concat,single,gaussian_2d_0.01,Small Gaussian noise on 2D coordinates.,0.01,0.0,0.0,0.0,0.93929173693086,0.929905437352246,93.929173693086,92.99054373522459,0.0,0.0,0.0,0.0,0.9393,0.9299,93.93,92.99,,,,,2965,812,2965,812.0,,,,
binary,Phase 2,phase2_concat_common,Phase 2 - 2D+3D Concat Common,phase3,concat,single,gaussian_2d_0.03,Medium Gaussian noise on 2D coordinates.,0.03,0.0,0.0,0.0,0.9389544688026982,0.9295360961659334,93.89544688026982,92.95360961659334,-0.00033726812816181617,-0.0003693411863125995,-0.03372681281618162,-0.03693411863125995,0.9393,0.9299,93.93,92.99,,,,,2965,812,2965,812.0,,,,
binary,Phase 2,phase2_concat_common,Phase 2 - 2D+3D Concat Common,phase3,concat,single,gaussian_2d_0.05,Strong Gaussian noise on 2D coordinates.,0.05,0.0,0.0,0.0,0.9396290050590219,0.9302749707067777,93.9629005059022,93.02749707067777,0.0003372681281619272,0.00036953335453171476,0.03372681281619272,0.036953335453171476,0.9393,0.9299,93.93,92.99,,,,,2965,812,2965,812.0,,,,
binary,Phase 2,phase2_concat_common,Phase 2 - 2D+3D Concat Common,phase3,concat,single,gaussian_3d_0.01,Small Gaussian noise on 3D coordinates.,0.0,0.01,0.0,0.0,0.93929173693086,0.929905437352246,93.929173693086,92.99054373522459,0.0,0.0,0.0,0.0,0.9393,0.9299,93.93,92.99,,,,,2965,812,2965,812.0,,,,
binary,Phase 2,phase2_concat_common,Phase 2 - 2D+3D Concat Common,phase3,concat,single,gaussian_3d_0.03,Medium Gaussian noise on 3D coordinates.,0.0,0.03,0.0,0.0,0.9399662731871838,0.9307237170951767,93.99662731871838,93.07237170951767,0.0006745362563238544,0.0008182797429306943,0.06745362563238544,0.08182797429306943,0.9393,0.9299,93.93,92.99,,,,,2965,812,2965,812.0,,,,
binary,Phase 2,phase2_concat_common,Phase 2 - 2D+3D Concat Common,phase3,concat,single,gaussian_3d_0.05,Strong Gaussian noise on 3D coordinates.,0.0,0.05,0.0,0.0,0.9396290050590219,0.9302749707067777,93.9629005059022,93.02749707067777,0.0003372681281619272,0.00036953335453171476,0.03372681281619272,0.036953335453171476,0.9393,0.9299,93.93,92.99,,,,,2965,812,2965,812.0,,,,
binary,Phase 2,phase2_concat_common,Phase 2 - 2D+3D Concat Common,phase3,concat,single,missing_joint_0.10,Randomly remove 10 percent of joints.,0.0,0.0,0.1,0.0,0.9288364249578415,0.9187648976684293,92.88364249578414,91.87648976684292,-0.010455311973018522,-0.011140539683816675,-1.0455311973018522,-1.1140539683816675,0.9393,0.9299,93.93,92.99,,,,,2965,812,2965,812.0,,,,
binary,Phase 2,phase2_concat_common,Phase 2 - 2D+3D Concat Common,phase3,concat,single,missing_joint_0.20,Randomly remove 20 percent of joints.,0.0,0.0,0.2,0.0,0.9133220910623946,0.9027402437425819,91.33220910623946,90.27402437425819,-0.025969645868465396,-0.027165193609664073,-2.5969645868465396,-2.7165193609664073,0.9393,0.9299,93.93,92.99,,,,,2965,812,2965,812.0,,,,
binary,Phase 2,phase2_concat_common,Phase 2 - 2D+3D Concat Common,phase3,concat,single,missing_joint_0.30,Randomly remove 30 percent of joints.,0.0,0.0,0.3,0.0,0.8387858347386172,0.8275444575535982,83.87858347386172,82.75444575535982,-0.10050590219224276,-0.10236097979864778,-10.050590219224276,-10.236097979864777,0.9393,0.9299,93.93,92.99,,,,,2965,812,2965,812.0,,,,
binary,Phase 2,phase2_concat_common,Phase 2 - 2D+3D Concat Common,phase3,concat,single,frame_drop_0.10,Drop 10 percent of frames by repeating previous frame.,0.0,0.0,0.0,0.1,0.9396290050590219,0.9302749707067777,93.9629005059022,93.02749707067777,0.0003372681281619272,0.00036953335453171476,0.03372681281619272,0.036953335453171476,0.9393,0.9299,93.93,92.99,,,,,2965,812,2965,812.0,,,,
binary,Phase 2,phase2_concat_common,Phase 2 - 2D+3D Concat Common,phase3,concat,single,frame_drop_0.20,Drop 20 percent of frames by repeating previous frame.,0.0,0.0,0.0,0.2,0.9389544688026982,0.9295761525390522,93.89544688026982,92.95761525390522,-0.00033726812816181617,-0.00032928481319371983,-0.03372681281618162,-0.03292848131937198,0.9393,0.9299,93.93,92.99,,,,,2965,812,2965,812.0,,,,
binary,Phase 2,phase2_concat_common,Phase 2 - 2D+3D Concat Common,phase3,concat,single,frame_drop_0.30,Drop 30 percent of frames by repeating previous frame.,0.0,0.0,0.0,0.3,0.9372681281618886,0.9275276044015657,93.72681281618887,92.75276044015656,-0.002023608768971341,-0.002377832950680281,-0.2023608768971341,-0.2377832950680281,0.9393,0.9299,93.93,92.99,,,,,2965,812,2965,812.0,,,,
binary,Phase 2,phase2_concat_common,Phase 2 - 2D+3D Concat Common,phase3,concat,single,combined_light,Light combined corruption.,0.02,0.02,0.1,0.1,0.9328836424957841,0.9231333821168566,93.28836424957842,92.31333821168566,-0.0064080944350758395,-0.006772055235389374,-0.640809443507584,-0.6772055235389374,0.9393,0.9299,93.93,92.99,,,,,2965,812,2965,812.0,,,,
binary,Phase 2,phase2_concat_common,Phase 2 - 2D+3D Concat Common,phase3,concat,single,combined_heavy,Heavy combined corruption.,0.05,0.05,0.2,0.2,0.9069139966273188,0.8958342880011243,90.69139966273187,89.58342880011243,-0.032377740303541236,-0.034071149351121655,-3.2377740303541236,-3.4071149351121655,0.9393,0.9299,93.93,92.99,,,,,2965,812,2965,812.0,,,,
binary,Phase 3,phase3_gated_fusion,Phase 3 - Gated Fusion,phase3,gated,gated,clean,No perturbation.,0.0,0.0,0.0,0.0,0.9379426644182125,0.9280588821091897,93.79426644182125,92.80588821091898,0.0,0.0,0.0,0.0,0.9379,0.9281,93.78999999999999,92.81,4.266441821254574e-05,-4.111789081029382e-05,0.004266441821254574,-0.004111789081029382,2965,812,2965,812.0,0.48369741439819336,0.2913728654384613,0.00012568687088787556,0.9999983310699463
binary,Phase 3,phase3_gated_fusion,Phase 3 - Gated Fusion,phase3,gated,gated,gaussian_2d_0.01,Small Gaussian noise on 2D coordinates.,0.01,0.0,0.0,0.0,0.9379426644182125,0.9280588821091897,93.79426644182125,92.80588821091898,0.0,0.0,0.0,0.0,0.9379,0.9281,93.78999999999999,92.81,,,,,2965,812,2965,812.0,0.4836968779563904,0.291375070810318,0.0001255507959285751,0.9999983310699463
binary,Phase 3,phase3_gated_fusion,Phase 3 - Gated Fusion,phase3,gated,gated,gaussian_2d_0.03,Medium Gaussian noise on 2D coordinates.,0.03,0.0,0.0,0.0,0.9379426644182125,0.9280171167158199,93.79426644182125,92.80171167158198,0.0,-4.1765393369863624e-05,0.0,-0.004176539336986362,0.9379,0.9281,93.78999999999999,92.81,,,,,2965,812,2965,812.0,0.48369506001472473,0.2913806438446045,0.00012545146455522627,0.9999983310699463
binary,Phase 3,phase3_gated_fusion,Phase 3 - Gated Fusion,phase3,gated,gated,gaussian_2d_0.05,Strong Gaussian noise on 2D coordinates.,0.05,0.0,0.0,0.0,0.9376053962900506,0.9276048622502762,93.76053962900505,92.76048622502762,-0.0003372681281619272,-0.0004540198589135791,-0.03372681281619272,-0.04540198589135791,0.9379,0.9281,93.78999999999999,92.81,,,,,2965,812,2965,812.0,0.4836893081665039,0.2913726568222046,0.0001259766286239028,0.9999983310699463
binary,Phase 3,phase3_gated_fusion,Phase 3 - Gated Fusion,phase3,gated,gated,gaussian_3d_0.01,Small Gaussian noise on 3D coordinates.,0.0,0.01,0.0,0.0,0.9376053962900506,0.9276469172198425,93.76053962900505,92.76469172198425,-0.0003372681281619272,-0.0004119648893472494,-0.03372681281619272,-0.04119648893472494,0.9379,0.9281,93.78999999999999,92.81,,,,,2965,812,2965,812.0,0.4836978614330292,0.29136282205581665,0.00012568711827043444,0.9999983310699463
binary,Phase 3,phase3_gated_fusion,Phase 3 - Gated Fusion,phase3,gated,gated,gaussian_3d_0.03,Medium Gaussian noise on 3D coordinates.,0.0,0.03,0.0,0.0,0.9382799325463743,0.9283875123881111,93.82799325463743,92.83875123881111,0.00033726812816181617,0.0003286302789213824,0.03372681281618162,0.03286302789213824,0.9379,0.9281,93.78999999999999,92.81,,,,,2965,812,2965,812.0,0.48370495438575745,0.2913340628147125,0.00012766844884026796,0.9999983310699463
binary,Phase 3,phase3_gated_fusion,Phase 3 - Gated Fusion,phase3,gated,gated,gaussian_3d_0.05,Strong Gaussian noise on 3D coordinates.,0.0,0.05,0.0,0.0,0.9379426644182125,0.9280171167158199,93.79426644182125,92.80171167158198,0.0,-4.1765393369863624e-05,0.0,-0.004176539336986362,0.9379,0.9281,93.78999999999999,92.81,,,,,2965,812,2965,812.0,0.4837017357349396,0.29124873876571655,0.0001255458773812279,0.9999983310699463
binary,Phase 3,phase3_gated_fusion,Phase 3 - Gated Fusion,phase3,gated,gated,missing_joint_0.10,Randomly remove 10 percent of joints.,0.0,0.0,0.1,0.0,0.9406408094435076,0.9306580206229403,94.06408094435076,93.06580206229404,0.0026981450252950845,0.0025991385137505985,0.26981450252950845,0.25991385137505985,0.9379,0.9281,93.78999999999999,92.81,,,,,2965,812,2965,812.0,0.4837203025817871,0.28656020760536194,0.00016116531332954764,0.9999983310699463
binary,Phase 3,phase3_gated_fusion,Phase 3 - Gated Fusion,phase3,gated,gated,missing_joint_0.20,Randomly remove 20 percent of joints.,0.0,0.0,0.2,0.0,0.9446880269814503,0.935269454573337,94.46880269814503,93.5269454573337,0.006745362563237767,0.007210572464147247,0.6745362563237767,0.7210572464147247,0.9379,0.9281,93.78999999999999,92.81,,,,,2965,812,2965,812.0,0.48377934098243713,0.2806049883365631,0.00017751783889252692,0.9999985694885254
binary,Phase 3,phase3_gated_fusion,Phase 3 - Gated Fusion,phase3,gated,gated,missing_joint_0.30,Randomly remove 30 percent of joints.,0.0,0.0,0.3,0.0,0.9355817875210792,0.9243608406556324,93.55817875210792,92.43608406556324,-0.0023608768971332683,-0.0036980414535573436,-0.23608768971332683,-0.36980414535573436,0.9379,0.9281,93.78999999999999,92.81,,,,,2965,812,2965,812.0,0.48389461636543274,0.27364763617515564,0.00022860844910610467,0.9999974966049194
binary,Phase 3,phase3_gated_fusion,Phase 3 - Gated Fusion,phase3,gated,gated,frame_drop_0.10,Drop 10 percent of frames by repeating previous frame.,0.0,0.0,0.0,0.1,0.9365935919055649,0.926622204530041,93.65935919055649,92.6622204530041,-0.0013490725126475978,-0.0014366775791487818,-0.13490725126475978,-0.14366775791487818,0.9379,0.9281,93.78999999999999,92.81,,,,,2965,812,2965,812.0,0.48361924290657043,0.2911832332611084,0.00013484172814060003,0.999998927116394
binary,Phase 3,phase3_gated_fusion,Phase 3 - Gated Fusion,phase3,gated,gated,frame_drop_0.20,Drop 20 percent of frames by repeating previous frame.,0.0,0.0,0.0,0.2,0.9372681281618886,0.9273609757382577,93.72681281618887,92.73609757382577,-0.0006745362563238544,-0.0006979063709320332,-0.06745362563238544,-0.06979063709320332,0.9379,0.9281,93.78999999999999,92.81,,,,,2965,812,2965,812.0,0.4835962653160095,0.290914922952652,4.86255157738924e-05,0.9999995231628418
binary,Phase 3,phase3_gated_fusion,Phase 3 - Gated Fusion,phase3,gated,gated,frame_drop_0.30,Drop 30 percent of frames by repeating previous frame.,0.0,0.0,0.0,0.3,0.9379426644182125,0.9280588821091897,93.79426644182125,92.80588821091898,0.0,0.0,0.0,0.0,0.9379,0.9281,93.78999999999999,92.81,,,,,2965,812,2965,812.0,0.48357799649238586,0.2905338704586029,0.00015491484373342246,0.9999984502792358
binary,Phase 3,phase3_gated_fusion,Phase 3 - Gated Fusion,phase3,gated,gated,combined_light,Light combined corruption.,0.02,0.02,0.1,0.1,0.9403035413153457,0.9305733137102508,94.03035413153457,93.05733137102507,0.0023608768971331573,0.002514431601061018,0.23608768971331573,0.2514431601061018,0.9379,0.9281,93.78999999999999,92.81,,,,,2965,812,2965,812.0,0.48378992080688477,0.2861284911632538,0.0001751794188749045,0.9999985694885254
binary,Phase 3,phase3_gated_fusion,Phase 3 - Gated Fusion,phase3,gated,gated,combined_heavy,Heavy combined corruption.,0.05,0.05,0.2,0.2,0.9379426644182125,0.9274191574257669,93.79426644182125,92.74191574257668,0.0,-0.000639724683422882,0.0,-0.0639724683422882,0.9379,0.9281,93.78999999999999,92.81,,,,,2965,812,2965,812.0,0.48391154408454895,0.27854931354522705,0.00013542997476179153,0.9999990463256836
binary,Phase 4,phase4_quality_gated,Phase 4 - Quality-Gated,phase4,quality_gated,quality_gated,clean,No perturbation.,0.0,0.0,0.0,0.0,0.9534569983136594,0.9450284443575057,95.34569983136593,94.50284443575056,0.0,0.0,0.0,0.0,0.953457,0.945028,95.3457,94.5028,-1.6863406226974575e-09,4.443575056800597e-07,-1.6863406226974575e-07,4.443575056800597e-05,2965,812,2965,,0.5082347393035889,0.049757543951272964,0.30614492297172546,0.6956262588500977
binary,Phase 4,phase4_quality_gated,Phase 4 - Quality-Gated,phase4,quality_gated,quality_gated,gaussian_2d_0.01,Small Gaussian noise on 2D coordinates.,0.01,0.0,0.0,0.0,0.9531197301854974,0.9445781648445086,95.31197301854975,94.45781648445086,-0.0003372681281619272,-0.0004502795129970316,-0.03372681281619272,-0.04502795129970316,0.953457,0.945028,95.3457,94.5028,,,,,2965,812,2965,,0.5080921053886414,0.04896807298064232,0.30603739619255066,0.696094810962677
binary,Phase 4,phase4_quality_gated,Phase 4 - Quality-Gated,phase4,quality_gated,quality_gated,gaussian_2d_0.03,Medium Gaussian noise on 2D coordinates.,0.03,0.0,0.0,0.0,0.9534569983136594,0.9449250915559614,95.34569983136593,94.49250915559614,0.0,-0.0001033528015442764,0.0,-0.01033528015442764,0.953457,0.945028,95.3457,94.5028,,,,,2965,812,2965,,0.507443904876709,0.04599965736269951,0.30614641308784485,0.6942524909973145
binary,Phase 4,phase4_quality_gated,Phase 4 - Quality-Gated,phase4,quality_gated,quality_gated,gaussian_2d_0.05,Strong Gaussian noise on 2D coordinates.,0.05,0.0,0.0,0.0,0.9527824620573356,0.9440564831406644,95.27824620573357,94.40564831406644,-0.0006745362563237434,-0.0009719612168412883,-0.06745362563237434,-0.09719612168412883,0.953457,0.945028,95.3457,94.5028,,,,,2965,812,2965,,0.5065250992774963,0.04230756312608719,0.30776768922805786,0.6883758902549744
binary,Phase 4,phase4_quality_gated,Phase 4 - Quality-Gated,phase4,quality_gated,quality_gated,gaussian_3d_0.01,Small Gaussian noise on 3D coordinates.,0.0,0.01,0.0,0.0,0.9534569983136594,0.9450284443575057,95.34569983136593,94.50284443575056,0.0,0.0,0.0,0.0,0.953457,0.945028,95.3457,94.5028,,,,,2965,812,2965,,0.5081148147583008,0.049399491399526596,0.3063823878765106,0.6951404809951782
binary,Phase 4,phase4_quality_gated,Phase 4 - Quality-Gated,phase4,quality_gated,quality_gated,gaussian_3d_0.03,Medium Gaussian noise on 3D coordinates.,0.0,0.03,0.0,0.0,0.9527824620573356,0.9442317551452957,95.27824620573357,94.42317551452956,-0.0006745362563237434,-0.0007966892122099889,-0.06745362563237434,-0.07966892122099889,0.953457,0.945028,95.3457,94.5028,,,,,2965,812,2965,,0.5078587532043457,0.048566337674856186,0.30657392740249634,0.6935037970542908
binary,Phase 4,phase4_quality_gated,Phase 4 - Quality-Gated,phase4,quality_gated,quality_gated,gaussian_3d_0.05,Strong Gaussian noise on 3D coordinates.,0.0,0.05,0.0,0.0,0.9524451939291737,0.9438158758905579,95.24451939291737,94.3815875890558,-0.0010118043844856706,-0.0012125684669477277,-0.10118043844856706,-0.12125684669477277,0.953457,0.945028,95.3457,94.5028,,,,,2965,812,2965,,0.5076116323471069,0.04767930880188942,0.3068474233150482,0.6908776760101318
binary,Phase 4,phase4_quality_gated,Phase 4 - Quality-Gated,phase4,quality_gated,quality_gated,missing_joint_0.10,Randomly remove 10 percent of joints.,0.0,0.0,0.1,0.0,0.9527824620573356,0.9439143791047486,95.27824620573357,94.39143791047486,-0.0006745362563237434,-0.001114065252757035,-0.06745362563237434,-0.1114065252757035,0.953457,0.945028,95.3457,94.5028,,,,,2965,812,2965,,0.508322536945343,0.048952896147966385,0.3063969612121582,0.6979263424873352
binary,Phase 4,phase4_quality_gated,Phase 4 - Quality-Gated,phase4,quality_gated,quality_gated,missing_joint_0.20,Randomly remove 20 percent of joints.,0.0,0.0,0.2,0.0,0.9443507588532883,0.9334063484790758,94.43507588532883,93.34063484790758,-0.009106239460371035,-0.011622095878429883,-0.9106239460371035,-1.1622095878429883,0.953457,0.945028,95.3457,94.5028,,,,,2965,812,2965,,0.5081647634506226,0.047146499156951904,0.30881351232528687,0.6974097490310669
binary,Phase 4,phase4_quality_gated,Phase 4 - Quality-Gated,phase4,quality_gated,quality_gated,missing_joint_0.30,Randomly remove 30 percent of joints.,0.0,0.0,0.3,0.0,0.93929173693086,0.9265483071841454,93.929173693086,92.65483071841454,-0.014165261382799388,-0.018480137173360278,-1.4165261382799388,-1.8480137173360278,0.953457,0.945028,95.3457,94.5028,,,,,2965,812,2965,,0.5079512596130371,0.0451912097632885,0.314225971698761,0.6989251375198364
binary,Phase 4,phase4_quality_gated,Phase 4 - Quality-Gated,phase4,quality_gated,quality_gated,frame_drop_0.10,Drop 10 percent of frames by repeating previous frame.,0.0,0.0,0.0,0.1,0.9537942664418212,0.945477749034564,95.37942664418212,94.5477749034564,0.00033726812816181617,0.00044930467705839305,0.03372681281618162,0.044930467705839305,0.953457,0.945028,95.3457,94.5028,,,,,2965,812,2965,,0.5082389712333679,0.04972200095653534,0.30602577328681946,0.695817232131958
binary,Phase 4,phase4_quality_gated,Phase 4 - Quality-Gated,phase4,quality_gated,quality_gated,frame_drop_0.20,Drop 20 percent of frames by repeating previous frame.,0.0,0.0,0.0,0.2,0.9537942664418212,0.9454438008897843,95.37942664418212,94.54438008897843,0.00033726812816181617,0.00041535653227864344,0.03372681281618162,0.041535653227864344,0.953457,0.945028,95.3457,94.5028,,,,,2965,812,2965,,0.508237898349762,0.049664512276649475,0.3059844672679901,0.6963035464286804
binary,Phase 4,phase4_quality_gated,Phase 4 - Quality-Gated,phase4,quality_gated,quality_gated,frame_drop_0.30,Drop 30 percent of frames by repeating previous frame.,0.0,0.0,0.0,0.3,0.9527824620573356,0.9441969086888815,95.27824620573357,94.41969086888815,-0.0006745362563237434,-0.0008315356686241504,-0.06745362563237434,-0.08315356686241504,0.953457,0.945028,95.3457,94.5028,,,,,2965,812,2965,,0.5082324147224426,0.04959115758538246,0.3058672249317169,0.6965802907943726
binary,Phase 4,phase4_quality_gated,Phase 4 - Quality-Gated,phase4,quality_gated,quality_gated,combined_light,Light combined corruption.,0.02,0.02,0.1,0.1,0.951433389544688,0.9423119327934557,95.1433389544688,94.23119327934558,-0.002023608768971341,-0.0027165115640499504,-0.2023608768971341,-0.27165115640499504,0.953457,0.945028,95.3457,94.5028,,,,,2965,812,2965,,0.5075833797454834,0.046021804213523865,0.30695244669914246,0.6953321695327759
binary,Phase 4,phase4_quality_gated,Phase 4 - Quality-Gated,phase4,quality_gated,quality_gated,combined_heavy,Heavy combined corruption.,0.05,0.05,0.2,0.2,0.9403035413153457,0.9280886211604067,94.03035413153457,92.80886211604067,-0.013153456998313717,-0.01693982319709897,-1.3153456998313717,-1.6939823197098969,0.953457,0.945028,95.3457,94.5028,,,,,2965,812,2965,,0.5062912106513977,0.04049064591526985,0.3118645250797272,0.685556948184967
binary,Phase 4,phase4_quality_concat,Phase 4 - Quality-Concat,phase4,quality_concat,quality_concat,clean,No perturbation.,0.0,0.0,0.0,0.0,0.9615514333895447,0.9546170057132546,96.15514333895447,95.46170057132545,0.0,0.0,0.0,0.0,0.961551,0.954617,96.1551,95.46170000000001,4.333895446961833e-07,5.713254536132695e-09,4.333895446961833e-05,5.713254536132695e-07,2965,812,2965,,0.5,0.0,0.5,0.5
binary,Phase 4,phase4_quality_concat,Phase 4 - Quality-Concat,phase4,quality_concat,quality_concat,gaussian_2d_0.01,Small Gaussian noise on 2D coordinates.,0.01,0.0,0.0,0.0,0.9612141652613828,0.954176068988753,96.12141652613828,95.41760689887529,-0.0003372681281619272,-0.00044093672450162824,-0.03372681281619272,-0.044093672450162824,0.961551,0.954617,96.1551,95.46170000000001,,,,,2965,812,2965,,0.5,0.0,0.5,0.5
binary,Phase 4,phase4_quality_concat,Phase 4 - Quality-Concat,phase4,quality_concat,quality_concat,gaussian_2d_0.03,Medium Gaussian noise on 2D coordinates.,0.03,0.0,0.0,0.0,0.9605396290050591,0.9532913756171569,96.05396290050591,95.3291375617157,-0.0010118043844856706,-0.001325630096097652,-0.10118043844856706,-0.1325630096097652,0.961551,0.954617,96.1551,95.46170000000001,,,,,2965,812,2965,,0.5,0.0,0.5,0.5
binary,Phase 4,phase4_quality_concat,Phase 4 - Quality-Concat,phase4,quality_concat,quality_concat,gaussian_2d_0.05,Strong Gaussian noise on 2D coordinates.,0.05,0.0,0.0,0.0,0.9585160202360877,0.9507717680655712,95.85160202360878,95.07717680655712,-0.0030354131534570117,-0.0038452376476834083,-0.30354131534570117,-0.3845237647683408,0.961551,0.954617,96.1551,95.46170000000001,,,,,2965,812,2965,,0.5,0.0,0.5,0.5
binary,Phase 4,phase4_quality_concat,Phase 4 - Quality-Concat,phase4,quality_concat,quality_concat,gaussian_3d_0.01,Small Gaussian noise on 3D coordinates.,0.0,0.01,0.0,0.0,0.9615514333895447,0.9546170057132546,96.15514333895447,95.46170057132545,0.0,0.0,0.0,0.0,0.961551,0.954617,96.1551,95.46170000000001,,,,,2965,812,2965,,0.5,0.0,0.5,0.5
binary,Phase 4,phase4_quality_concat,Phase 4 - Quality-Concat,phase4,quality_concat,quality_concat,gaussian_3d_0.03,Medium Gaussian noise on 3D coordinates.,0.0,0.03,0.0,0.0,0.9618887015177066,0.9550290922693849,96.18887015177066,95.5029092269385,0.00033726812816181617,0.0004120865561303422,0.03372681281618162,0.04120865561303422,0.961551,0.954617,96.1551,95.46170000000001,,,,,2965,812,2965,,0.5,0.0,0.5,0.5
binary,Phase 4,phase4_quality_concat,Phase 4 - Quality-Concat,phase4,quality_concat,quality_concat,gaussian_3d_0.05,Strong Gaussian noise on 3D coordinates.,0.0,0.05,0.0,0.0,0.9608768971332209,0.9537631529136446,96.08768971332209,95.37631529136445,-0.0006745362563238544,-0.0008538527996100331,-0.06745362563238544,-0.08538527996100331,0.961551,0.954617,96.1551,95.46170000000001,,,,,2965,812,2965,,0.5,0.0,0.5,0.5
binary,Phase 4,phase4_quality_concat,Phase 4 - Quality-Concat,phase4,quality_concat,quality_concat,missing_joint_0.10,Randomly remove 10 percent of joints.,0.0,0.0,0.1,0.0,0.9605396290050591,0.9531135011302471,96.05396290050591,95.3113501130247,-0.0010118043844856706,-0.00150350458300752,-0.10118043844856706,-0.150350458300752,0.961551,0.954617,96.1551,95.46170000000001,,,,,2965,812,2965,,0.5,0.0,0.5,0.5
binary,Phase 4,phase4_quality_concat,Phase 4 - Quality-Concat,phase4,quality_concat,quality_concat,missing_joint_0.20,Randomly remove 20 percent of joints.,0.0,0.0,0.2,0.0,0.9500843170320404,0.9402870445665864,95.00843170320404,94.02870445665864,-0.011467116357504303,-0.01432996114666818,-1.1467116357504303,-1.432996114666818,0.961551,0.954617,96.1551,95.46170000000001,,,,,2965,812,2965,,0.5,0.0,0.5,0.5
binary,Phase 4,phase4_quality_concat,Phase 4 - Quality-Concat,phase4,quality_concat,quality_concat,missing_joint_0.30,Randomly remove 30 percent of joints.,0.0,0.0,0.3,0.0,0.9419898819561552,0.9302365920415161,94.19898819561551,93.02365920415161,-0.019561551433389557,-0.024380413671738488,-1.9561551433389557,-2.438041367173849,0.961551,0.954617,96.1551,95.46170000000001,,,,,2965,812,2965,,0.5,0.0,0.5,0.5
binary,Phase 4,phase4_quality_concat,Phase 4 - Quality-Concat,phase4,quality_concat,quality_concat,frame_drop_0.10,Drop 10 percent of frames by repeating previous frame.,0.0,0.0,0.0,0.1,0.9612141652613828,0.9542046503819357,96.12141652613828,95.42046503819357,-0.0003372681281619272,-0.0004123553313188921,-0.03372681281619272,-0.04123553313188921,0.961551,0.954617,96.1551,95.46170000000001,,,,,2965,812,2965,,0.5,0.0,0.5,0.5
binary,Phase 4,phase4_quality_concat,Phase 4 - Quality-Concat,phase4,quality_concat,quality_concat,frame_drop_0.20,Drop 20 percent of frames by repeating previous frame.,0.0,0.0,0.0,0.2,0.9602023608768971,0.9529659658949143,96.02023608768971,95.29659658949143,-0.0013490725126475978,-0.0016510398183402497,-0.13490725126475978,-0.16510398183402497,0.961551,0.954617,96.1551,95.46170000000001,,,,,2965,812,2965,,0.5,0.0,0.5,0.5
binary,Phase 4,phase4_quality_concat,Phase 4 - Quality-Concat,phase4,quality_concat,quality_concat,frame_drop_0.30,Drop 30 percent of frames by repeating previous frame.,0.0,0.0,0.0,0.3,0.9615514333895447,0.9545318805488296,96.15514333895447,95.45318805488296,0.0,-8.512516442493734e-05,0.0,-0.008512516442493734,0.961551,0.954617,96.1551,95.46170000000001,,,,,2965,812,2965,,0.5,0.0,0.5,0.5
binary,Phase 4,phase4_quality_concat,Phase 4 - Quality-Concat,phase4,quality_concat,quality_concat,combined_light,Light combined corruption.,0.02,0.02,0.1,0.1,0.9588532883642495,0.9510629167491913,95.88532883642496,95.10629167491913,-0.0026981450252951955,-0.0035540889640632845,-0.26981450252951955,-0.35540889640632845,0.961551,0.954617,96.1551,95.46170000000001,,,,,2965,812,2965,,0.5,0.0,0.5,0.5
binary,Phase 4,phase4_quality_concat,Phase 4 - Quality-Concat,phase4,quality_concat,quality_concat,combined_heavy,Heavy combined corruption.,0.05,0.05,0.2,0.2,0.9419898819561552,0.9300025694182135,94.19898819561551,93.00025694182135,-0.019561551433389557,-0.02461443629504112,-1.9561551433389557,-2.461443629504112,0.961551,0.954617,96.1551,95.46170000000001,,,,,2965,812,2965,,0.5,0.0,0.5,0.5
