frame,bbox_x1,bbox_y1,bbox_x2,bbox_y2,bbox_conf,person_index,num_persons,x0,y0,c0,x1,y1,c1,x2,y2,c2,x3,y3,c3,x4,y4,c4,x5,y5,c5,x6,y6,c6,x7,y7,c7,x8,y8,c8,x9,y9,c9,x10,y10,c10,x11,y11,c11,x12,y12,c12,x13,y13,c13,x14,y14,c14,x15,y15,c15,x16,y16,c16
0,1001.703857421875,0.0,1171.320068359375,575.2235107421875,0.9023923873901367,0,2,1081.5406494140625,39.26974868774414,0.9700068831443787,1095.030517578125,29.702774047851562,0.9627740383148193,1075.9127197265625,29.903972625732422,0.7136390209197998,1126.8709716796875,43.69915008544922,0.9063252806663513,1076.2091064453125,44.74012756347656,0.08105231076478958,1139.601806640625,100.65116882324219,0.9953568577766418,1068.705322265625,111.14591217041016,0.9910344481468201,1090.814697265625,128.0296630859375,0.9888699054718018,1019.122802734375,155.5099639892578,0.9600108861923218,1061.4200439453125,40.070011138916016,0.9850625991821289,1040.1746826171875,54.106910705566406,0.9564879536628723,1111.8138427734375,291.8824462890625,0.9981462955474854,1060.263916015625,295.970703125,0.9975800514221191,1115.880126953125,436.4561767578125,0.9895405173301697,1061.6871337890625,438.89483642578125,0.9859619736671448,1144.9638671875,564.899169921875,0.896555483341217,1081.746337890625,566.86279296875,0.8815999031066895
1,1001.4918823242188,0.0,1171.1590576171875,575.43115234375,0.9027456641197205,0,2,1081.323486328125,40.17195510864258,0.9669815897941589,1094.6431884765625,30.584701538085938,0.9588832855224609,1075.9139404296875,30.82192611694336,0.6903886198997498,1126.713623046875,44.19297409057617,0.901360034942627,1076.7337646484375,45.316200256347656,0.07483308762311935,1139.8829345703125,100.66156768798828,0.9950773119926453,1069.2608642578125,111.31814575195312,0.9908735752105713,1090.65478515625,128.1971893310547,0.9885126352310181,1018.9052734375,156.26596069335938,0.96108078956604,1061.14404296875,39.67862319946289,0.9847871661186218,1040.276611328125,55.17652130126953,0.9575592875480652,1111.65283203125,291.99493408203125,0.9982215762138367,1060.3653564453125,296.1376953125,0.9977364540100098,1115.14697265625,436.6358642578125,0.9902783036231995,1061.8486328125,439.3666076660156,0.9873268008232117,1144.54443359375,565.665283203125,0.9043672680854797,1081.8603515625,568.2705688476562,0.8927440643310547
2,1000.333740234375,0.0,1169.72119140625,577.44921875,0.903131902217865,0,2,1079.8397216796875,38.17591094970703,0.9570102095603943,1092.5655517578125,29.60076141357422,0.9661209583282471,1074.6085205078125,30.0626220703125,0.5866556763648987,1123.7481689453125,44.15350341796875,0.9467528462409973,1076.3294677734375,45.0633544921875,0.05764705687761307,1142.36474609375,102.23262023925781,0.9978491067886353,1063.998291015625,110.3279800415039,0.9851207733154297,1093.7041015625,128.64999389648438,0.9958856701850891,1013.0667724609375,154.72776794433594,0.8997179865837097,1062.302734375,47.401222229003906,0.9903792142868042,1032.031005859375,65.82911682128906,0.8898863196372986,1111.381103515625,291.1376037597656,0.9991022348403931,1054.616455078125,294.46575927734375,0.9978485107421875,1120.064697265625,437.95013427734375,0.9967477321624756,1056.812255859375,442.73052978515625,0.9916154742240906,1142.869384765625,581.5545654296875,0.969666600227356,1081.942626953125,586.356201171875,0.9416424036026001
3,1000.9163818359375,0.0,1171.163818359375,575.1434326171875,0.9030967354774475,0,2,1081.335205078125,39.64849090576172,0.968125581741333,1094.61572265625,30.233814239501953,0.9605082869529724,1075.861572265625,30.355716705322266,0.7023708820343018,1126.11474609375,44.03506851196289,0.9035303592681885,1076.137939453125,44.92539596557617,0.07981765270233154,1139.91064453125,100.41606140136719,0.9953349232673645,1067.6279296875,110.70531463623047,0.990856945514679,1091.303466796875,128.7529754638672,0.9889364838600159,1018.2344970703125,156.55824279785156,0.9594359993934631,1060.946044921875,39.936927795410156,0.9849424362182617,1039.864990234375,55.85416030883789,0.9554547667503357,1111.447998046875,291.52294921875,0.9981910586357117,1058.94775390625,295.4352111816406,0.9976221919059753,1115.3408203125,435.20709228515625,0.9899984002113342,1059.6859130859375,437.2943115234375,0.9864535927772522,1143.951904296875,564.703125,0.9014530777931213,1081.2353515625,566.290283203125,0.8863369822502136
4,1000.9383544921875,0.0,1171.11083984375,575.1773681640625,0.9022278785705566,0,2,1080.897705078125,39.58686447143555,0.9669463634490967,1094.174560546875,30.233036041259766,0.9592764973640442,1075.634765625,30.333171844482422,0.6916707158088684,1125.8533935546875,44.203765869140625,0.9027581810951233,1076.38525390625,44.99174880981445,0.07672710716724396,1139.6146240234375,100.5472640991211,0.9951807260513306,1067.839599609375,110.82561492919922,0.9907554984092712,1091.240966796875,129.25860595703125,0.9888317584991455,1018.5664672851562,156.76918029785156,0.9599151015281677,1061.2440185546875,41.35601806640625,0.9849364161491394,1039.398681640625,55.98320388793945,0.9560498595237732,1111.4298095703125,291.86639404296875,0.9981741905212402,1059.432373046875,295.8382568359375,0.9976271986961365,1114.511962890625,437.0675048828125,0.9897781014442444,1060.0833740234375,439.5773620605469,0.9863042235374451,1144.008544921875,567.30810546875,0.8979811072349548,1083.234130859375,569.380859375,0.8832788467407227
5,1000.3856201171875,0.0,1171.1402587890625,575.4013671875,0.9039653539657593,0,2,1080.853271484375,39.455909729003906,0.9655580520629883,1094.3140869140625,30.143085479736328,0.957747220993042,1075.596923828125,30.033039093017578,0.6868306398391724,1125.935546875,44.141361236572266,0.8989914655685425,1075.9912109375,44.416419982910156,0.07632642984390259,1139.261962890625,100.17533111572266,0.9949367046356201,1066.74072265625,110.29705810546875,0.9900840520858765,1090.961669921875,129.58143615722656,0.988334059715271,1017.7918701171875,158.07537841796875,0.9568304419517517,1061.1171875,41.5199089050293,0.984188973903656,1039.500732421875,58.035037994384766,0.9527855515480042,1111.186279296875,291.7547607421875,0.9980783462524414,1058.6685791015625,295.7101135253906,0.9974671602249146,1114.2479248046875,437.3969421386719,0.9893341660499573,1059.5230712890625,439.84393310546875,0.9854763150215149,1144.23291015625,567.981689453125,0.8953303694725037,1083.2852783203125,569.8358154296875,0.8788554668426514
6,1000.0200805664062,0.0,1170.990478515625,575.9573974609375,0.90625,0,2,1080.377197265625,39.13349533081055,0.9628974795341492,1093.81103515625,29.912349700927734,0.9546988010406494,1075.455078125,29.737071990966797,0.6656885743141174,1125.68359375,44.1324462890625,0.8963461518287659,1076.48974609375,44.203697204589844,0.07079839706420898,1139.224365234375,100.29884338378906,0.9947023987770081,1066.833251953125,110.40065002441406,0.9898277521133423,1091.284912109375,129.59579467773438,0.9881457090377808,1017.803955078125,158.28652954101562,0.9571493268013,1061.2724609375,41.318355560302734,0.9840918779373169,1039.1734619140625,57.382049560546875,0.9532312154769897,1110.677734375,292.4169616699219,0.998091995716095,1058.4068603515625,296.3539123535156,0.9975156784057617,1113.939208984375,439.09991455078125,0.9894137382507324,1060.3929443359375,441.6522216796875,0.9858176112174988,1143.525634765625,570.08740234375,0.8955613970756531,1084.4642333984375,571.9730224609375,0.8806084990501404
7,1000.2044677734375,0.0,1171.07177734375,575.7760009765625,0.9052078127861023,0,2,1080.350341796875,39.324737548828125,0.9643062353134155,1093.7701416015625,30.109634399414062,0.9557459354400635,1075.471923828125,29.916343688964844,0.6753568053245544,1125.6400146484375,44.21297836303711,0.897016167640686,1076.613525390625,44.23667907714844,0.0723758265376091,1138.7994384765625,99.90652465820312,0.9946370720863342,1067.36083984375,109.93814849853516,0.9903464913368225,1091.15576171875,130.32720947265625,0.9877786040306091,1018.2335205078125,158.3961639404297,0.9598280191421509,1061.607177734375,41.43159484863281,0.9838063716888428,1039.6058349609375,56.18016815185547,0.9556783437728882,1110.667724609375,291.3587951660156,0.9980655312538147,1059.094970703125,295.33154296875,0.9975681900978088,1113.561767578125,438.80419921875,0.989270031452179,1060.8665771484375,441.57080078125,0.9861748218536377,1143.49609375,570.5414428710938,0.893774688243866,1084.65087890625,572.7969360351562,0.881877064704895
8,999.7424926757812,0.0,1169.639404296875,578.4332275390625,0.8986422419548035,0,2,1078.5810546875,37.69963073730469,0.9528993368148804,1091.608642578125,29.452743530273438,0.9626826643943787,1074.0078125,29.453933715820312,0.5641482472419739,1122.85791015625,44.649169921875,0.9424772262573242,1076.39306640625,44.30360412597656,0.05422968789935112,1140.5423583984375,102.41629028320312,0.9975988268852234,1062.729736328125,109.49299621582031,0.983608067035675,1093.552978515625,130.33908081054688,0.9955490827560425,1012.1705322265625,155.83401489257812,0.893932580947876,1063.437255859375,50.15636444091797,0.9897677302360535,1032.54345703125,67.11820220947266,0.884567379951477,1110.36865234375,293.69573974609375,0.9990307092666626,1054.056884765625,296.6375427246094,0.9976867437362671,1119.0108642578125,443.1705322265625,0.9964481592178345,1056.0926513671875,446.70428466796875,0.990864098072052,1143.1326904296875,588.14892578125,0.9668843150138855,1083.459716796875,590.5322265625,0.9366598129272461
9,1000.49853515625,0.0,1170.9671630859375,575.8281860351562,0.9084376096725464,0,2,1079.8046875,39.50272750854492,0.9649246335029602,1093.240966796875,30.328685760498047,0.9558819532394409,1075.08154296875,30.12945556640625,0.6765941381454468,1125.2947998046875,44.519371032714844,0.8975280523300171,1076.5751953125,44.46446228027344,0.07204722613096237,1138.682861328125,100.4132308959961,0.994649350643158,1067.3399658203125,110.01960754394531,0.9909427762031555,1091.712890625,131.635009765625,0.988116979598999,1017.8703002929688,158.01101684570312,0.9645440578460693,1062.44384765625,45.049964904785156,0.9846439361572266,1040.087646484375,55.52779769897461,0.9609574675559998,1110.5072021484375,293.0688171386719,0.998009979724884,1058.957763671875,296.70172119140625,0.9975892305374146,1113.865234375,439.32489013671875,0.9882047176361084,1060.21044921875,440.9210205078125,0.9854235053062439,1142.4501953125,569.55419921875,0.8804808855056763,1082.990234375,569.89306640625,0.871265172958374
10,1000.4082641601562,0.0,1170.998046875,575.4098510742188,0.9051626920700073,0,2,1079.974853515625,39.51914978027344,0.9688792824745178,1093.438720703125,30.346904754638672,0.9610354900360107,1075.03515625,30.095924377441406,0.7054073810577393,1125.20654296875,44.1588249206543,0.9048857092857361,1075.990234375,44.0489616394043,0.07907314598560333,1138.416259765625,99.35676574707031,0.9950828552246094,1066.9713134765625,108.8448715209961,0.9913496971130371,1091.2955322265625,131.57217407226562,0.9884821176528931,1018.48046875,158.4990692138672,0.9636578559875488,1061.529296875,43.61915588378906,0.9846614003181458,1039.5126953125,56.75709915161133,0.9593966007232666,1110.51171875,291.63800048828125,0.9979935884475708,1058.82861328125,295.11456298828125,0.9975130558013916,1114.0384521484375,439.27459716796875,0.9878684878349304,1060.21923828125,440.29864501953125,0.9845927357673645,1142.191650390625,569.9959716796875,0.8761585354804993,1082.8907470703125,569.5238037109375,0.8640550971031189
11,1000.0695190429688,0.0,1169.5814208984375,578.2864990234375,0.9026867151260376,0,2,1078.358154296875,38.21429443359375,0.9551592469215393,1091.3651123046875,29.967544555664062,0.9642627835273743,1073.698486328125,29.901145935058594,0.5780898332595825,1122.53466796875,45.025245666503906,0.944282591342926,1075.9342041015625,44.551734924316406,0.056540463119745255,1140.195068359375,102.51335144042969,0.9976010918617249,1062.6365966796875,109.41598510742188,0.9843959808349609,1093.8662109375,131.62567138671875,0.9955931305885315,1013.271728515625,156.13113403320312,0.9014506936073303,1063.316650390625,51.42089080810547,0.9899612665176392,1032.888916015625,66.8316650390625,0.8919716477394104,1109.75439453125,293.0808410644531,0.9989449381828308,1053.5927734375,296.0104064941406,0.9975470900535583,1118.976318359375,443.3262939453125,0.9958555102348328,1056.5001220703125,447.2785949707031,0.9896596074104309,1142.31005859375,588.3177490234375,0.9598649144172668,1083.1075439453125,591.63818359375,0.9252930879592896
12,1000.3218383789062,0.0,1169.41845703125,577.8916015625,0.9035263657569885,0,2,1077.87060546875,38.616783142089844,0.9482707381248474,1090.811767578125,30.295394897460938,0.9593150615692139,1073.2808837890625,30.355819702148438,0.5368421673774719,1122.257568359375,45.29656219482422,0.9404139518737793,1075.875244140625,45.10693359375,0.050091926008462906,1140.220703125,102.83865356445312,0.997352123260498,1062.5511474609375,110.06767272949219,0.9825261831283569,1093.3902587890625,131.33116149902344,0.9954734444618225,1013.0886840820312,156.48019409179688,0.8962873816490173,1063.6376953125,50.97093200683594,0.9898248314857483,1033.42431640625,66.9455795288086,0.8882831931114197,1109.4498291015625,293.5318603515625,0.9988906979560852,1053.2286376953125,296.6571350097656,0.9973998069763184,1118.9940185546875,443.5267639160156,0.9956580400466919,1056.545166015625,447.7994384765625,0.9890833497047424,1142.2698974609375,587.4575805664062,0.9581755995750427,1084.256591796875,591.2428588867188,0.9218959808349609
13,1000.2225952148438,0.0,1169.26513671875,578.0067138671875,0.9042031168937683,0,2,1078.0450439453125,38.86866760253906,0.9444078207015991,1090.9774169921875,30.549110412597656,0.9559983015060425,1073.4278564453125,30.57952880859375,0.5219714045524597,1122.29638671875,45.64622497558594,0.9368281960487366,1075.837646484375,45.36781311035156,0.04933606833219528,1140.2548828125,103.68223571777344,0.997219443321228,1061.938720703125,110.63211059570312,0.9819474220275879,1093.56396484375,131.32977294921875,0.9953572154045105,1012.3961181640625,155.50177001953125,0.8959468603134155,1063.6429443359375,51.15728759765625,0.9896470904350281,1033.501953125,66.07804870605469,0.8881914615631104,1109.3453369140625,294.2102966308594,0.9988889098167419,1052.69140625,297.39349365234375,0.9974160194396973,1119.03466796875,443.9757385253906,0.9956810474395752,1056.93115234375,448.6898193359375,0.9892381429672241,1142.75341796875,587.6163940429688,0.9586586356163025,1084.4158935546875,592.3456420898438,0.9231621026992798
14,999.5172729492188,0.0,1169.448974609375,578.1519775390625,0.9057769775390625,0,2,1078.1068115234375,38.648277282714844,0.9467957019805908,1090.93603515625,30.280838012695312,0.9583083987236023,1073.400390625,30.51042938232422,0.5297317504882812,1122.426513671875,45.494773864746094,0.9400606751441956,1075.99951171875,45.686370849609375,0.049508001655340195,1141.0037841796875,103.85067749023438,0.9972895383834839,1062.2730712890625,110.76286315917969,0.9826480746269226,1093.6756591796875,131.95916748046875,0.9954432249069214,1011.3114624023438,154.98406982421875,0.899201512336731,1064.078125,52.79512023925781,0.989899218082428,1033.3837890625,65.88533020019531,0.8918140530586243,1109.743896484375,293.34796142578125,0.9988862872123718,1052.982177734375,296.5075988769531,0.997430145740509,1118.2913818359375,443.359619140625,0.995635449886322,1056.2762451171875,447.9474792480469,0.9891782999038696,1142.205322265625,587.55615234375,0.9575824737548828,1084.7890625,592.175537109375,0.9215819835662842
15,999.8739624023438,0.0,1169.33154296875,578.27685546875,0.9054531455039978,0,2,1078.01171875,38.895973205566406,0.9519217610359192,1090.9864501953125,30.543479919433594,0.9621360301971436,1073.257080078125,30.643089294433594,0.5585667490959167,1122.43603515625,45.671607971191406,0.9428550601005554,1075.5948486328125,45.57609558105469,0.05304883047938347,1140.541748046875,103.65963745117188,0.9974048733711243,1062.031494140625,110.58554077148438,0.983463704586029,1093.7735595703125,132.0404052734375,0.9953834414482117,1011.8074951171875,155.12060546875,0.8990091681480408,1064.18212890625,53.22960662841797,0.9896867871284485,1033.365478515625,65.6088638305664,0.8906111717224121,1109.600830078125,293.2723693847656,0.998881995677948,1052.966796875,296.4989013671875,0.9974229335784912,1118.526611328125,443.50360107421875,0.9956134557723999,1056.5743408203125,448.3893127441406,0.9891576766967773,1142.591552734375,587.7852172851562,0.957686722278595,1085.0003662109375,592.7874755859375,0.9218849539756775
16,999.78125,0.0,1169.204345703125,578.387939453125,0.9053465723991394,0,2,1077.9349365234375,39.01599884033203,0.9450819492340088,1090.7989501953125,30.657028198242188,0.9568132162094116,1073.4560546875,30.788223266601562,0.5200924277305603,1122.496337890625,45.62095642089844,0.9388181567192078,1076.3739013671875,45.57298278808594,0.04766238108277321,1141.018310546875,103.52619934082031,0.997179388999939,1062.57958984375,110.5342025756836,0.9825259447097778,1094.151611328125,131.49937438964844,0.9952535629272461,1012.1070556640625,154.8504638671875,0.9000034332275391,1064.27099609375,52.6915283203125,0.9895575642585754,1033.2017822265625,65.40980529785156,0.892116129398346,1109.8831787109375,293.73040771484375,0.9988866448402405,1053.2904052734375,296.93499755859375,0.9974777102470398,1119.052490234375,443.9918518066406,0.99566650390625,1057.3480224609375,448.7037353515625,0.9895080327987671,1143.090576171875,588.1217651367188,0.9583068490028381,1085.43017578125,592.9024047851562,0.9242671728134155
17,999.4281005859375,0.0,1169.38330078125,578.488037109375,0.9047589898109436,0,2,1078.519287109375,39.10095977783203,0.954913318157196,1091.4716796875,30.63043212890625,0.9636010527610779,1073.805908203125,30.723770141601562,0.5815255045890808,1122.6754150390625,45.314231872558594,0.9434624910354614,1075.973388671875,45.24348449707031,0.05764087662100792,1140.74658203125,103.75788879394531,0.9974441528320312,1061.9361572265625,110.78701782226562,0.9850110411643982,1094.158935546875,131.95635986328125,0.9951677322387695,1011.8058471679688,155.36923217773438,0.9064136147499084,1064.1302490234375,53.82575225830078,0.9892529845237732,1032.5645751953125,67.15189361572266,0.8960661888122559,1110.2098388671875,293.5960693359375,0.9988887906074524,1053.354248046875,296.7958068847656,0.997553288936615,1119.1771240234375,443.2978820800781,0.995618999004364,1056.8369140625,447.8218994140625,0.9897089600563049,1142.9901123046875,587.43896484375,0.9580785632133484,1084.6885986328125,592.0545043945312,0.9253631830215454
18,999.2437133789062,0.0,1169.393310546875,578.3748779296875,0.905149519443512,0,2,1079.179443359375,39.000732421875,0.9553970694541931,1091.9986572265625,30.44794464111328,0.9636791348457336,1074.3271484375,30.643203735351562,0.5868340730667114,1122.86474609375,44.90826416015625,0.9432000517845154,1076.2291259765625,45.12950134277344,0.05975261703133583,1141.0655517578125,103.57780456542969,0.9975175857543945,1062.062255859375,110.78556823730469,0.9853691458702087,1094.063720703125,131.93020629882812,0.9953212141990662,1011.4945678710938,155.6324920654297,0.9088111519813538,1064.038330078125,53.28508758544922,0.9895371198654175,1032.3084716796875,67.10456085205078,0.8983689546585083,1110.115478515625,293.5013427734375,0.9989055395126343,1053.1009521484375,296.72711181640625,0.9975842237472534,1119.5814208984375,442.89501953125,0.995627760887146,1056.6610107421875,447.1892395019531,0.9896891117095947,1143.061767578125,586.7392578125,0.9576575756072998,1084.556640625,591.010498046875,0.9243409633636475
19,999.3557739257812,0.0,1169.25537109375,578.4630126953125,0.9062153697013855,0,2,1079.007568359375,39.01549530029297,0.9527862071990967,1091.755615234375,30.4163818359375,0.9621161818504333,1074.176513671875,30.672592163085938,0.5695894360542297,1122.7784423828125,44.81547546386719,0.9422712922096252,1076.279052734375,45.17335510253906,0.05617668852210045,1141.315673828125,103.66181945800781,0.997379720211029,1062.0458984375,110.58781433105469,0.9841929078102112,1093.873291015625,131.80099487304688,0.9952120780944824,1011.1569213867188,154.6696319580078,0.9033560752868652,1063.9365234375,52.491920471191406,0.9893196821212769,1032.628173828125,66.37786102294922,0.8934765458106995,1109.6326904296875,293.491943359375,0.9988468885421753,1052.3936767578125,296.623779296875,0.9974195957183838,1119.71826171875,443.01318359375,0.9954130053520203,1055.974853515625,447.3629150390625,0.9890385866165161,1143.247314453125,586.9853515625,0.9559255242347717,1084.6104736328125,591.6410522460938,0.9205999374389648
20,999.3015747070312,0.29534912109375,1169.01904296875,578.5230102539062,0.9063265919685364,0,2,1079.0556640625,38.949005126953125,0.9532716870307922,1091.8463134765625,30.436614990234375,0.9615614414215088,1074.11083984375,30.631759643554688,0.58256995677948,1122.386962890625,44.96241760253906,0.9397531747817993,1075.6240234375,45.202423095703125,0.06072113290429115,1140.69189453125,103.74851989746094,0.9973552227020264,1060.7880859375,110.77684020996094,0.9844930171966553,1094.371826171875,131.7601318359375,0.9949963092803955,1011.1477661132812,154.8911895751953,0.9037580490112305,1063.79248046875,53.73912048339844,0.9888429641723633,1032.5877685546875,68.12175750732422,0.8929547667503357,1109.7442626953125,293.11865234375,0.9988400340080261,1052.0467529296875,296.4103698730469,0.9974393844604492,1120.755859375,441.3930358886719,0.9954777359962463,1056.3636474609375,446.086181640625,0.9893842339515686,1143.31982421875,585.04150390625,0.9575504064559937,1084.758544921875,590.178955078125,0.9242676496505737
21,998.97509765625,0.0,1169.0269775390625,578.3768920898438,0.9052924513816833,0,2,1078.9481201171875,38.90453338623047,0.9528877139091492,1091.66064453125,30.45403289794922,0.9617148637771606,1074.174072265625,30.644989013671875,0.5723222494125366,1122.4759521484375,44.96049499511719,0.9416866898536682,1076.15234375,45.167633056640625,0.05745449289679527,1141.0609130859375,103.42193603515625,0.9973976612091064,1061.405029296875,110.37979125976562,0.9847145676612854,1094.23388671875,131.63282775878906,0.9952001571655273,1010.7537841796875,154.22296142578125,0.9067441821098328,1063.8756103515625,52.96028137207031,0.9892928600311279,1032.464599609375,65.83238983154297,0.8962385058403015,1109.5596923828125,292.7910461425781,0.9988644123077393,1052.0606689453125,296.111083984375,0.9974955916404724,1120.3426513671875,440.9725341796875,0.9955011010169983,1056.1787109375,446.0395202636719,0.9894444346427917,1143.181640625,584.5816040039062,0.9569580554962158,1084.5235595703125,590.4029541015625,0.9233425855636597
22,998.8980102539062,0.038360595703125,1168.983642578125,579.078125,0.9035225510597229,0,2,1079.0439453125,39.42063903808594,0.9566987156867981,1091.8203125,30.906143188476562,0.96413654088974,1073.9991455078125,31.162124633789062,0.6003562808036804,1122.4442138671875,45.271820068359375,0.9421820044517517,1075.4237060546875,45.69220733642578,0.06287743151187897,1140.8563232421875,103.55046081542969,0.9975716471672058,1061.04150390625,110.87530517578125,0.9857532382011414,1093.7398681640625,131.27978515625,0.9951189756393433,1010.7672729492188,154.79966735839844,0.9066338539123535,1063.51806640625,52.50947570800781,0.988966166973114,1032.0655517578125,66.3244857788086,0.8946858048439026,1109.80615234375,292.6363525390625,0.998992383480072,1052.1854248046875,296.00103759765625,0.9977810978889465,1120.06689453125,440.72967529296875,0.9962809681892395,1056.0091552734375,445.462890625,0.991290807723999,1142.85693359375,585.1034545898438,0.9656639695167542,1084.132568359375,590.1762084960938,0.9385108351707458
23,999.395263671875,0.498504638671875,1170.6622314453125,576.6883544921875,0.9037718772888184,0,2,1081.168701171875,41.02354431152344,0.9669241905212402,1094.4571533203125,31.547950744628906,0.9576278328895569,1075.95458984375,31.376232147216797,0.7021444439888,1125.421875,44.64485549926758,0.8958213329315186,1075.969482421875,44.806297302246094,0.08299499750137329,1138.84033203125,100.93574523925781,0.9951379895210266,1065.868896484375,110.64374542236328,0.9911863207817078,1092.1708984375,131.69033813476562,0.9883947372436523,1016.9811401367188,157.30284118652344,0.9620891213417053,1062.8924560546875,48.63581085205078,0.9844441413879395,1038.8984375,57.575958251953125,0.9578109383583069,1110.19287109375,292.37725830078125,0.9982379674911499,1057.511474609375,296.2883605957031,0.9977731108665466,1115.5074462890625,438.29644775390625,0.9901207685470581,1059.9268798828125,440.62481689453125,0.9872338771820068,1143.3804931640625,569.0328979492188,0.9015224575996399,1083.46875,570.882568359375,0.8897853493690491
24,998.64404296875,0.0,1169.149658203125,579.1748046875,0.9039288759231567,0,2,1079.08935546875,39.06713104248047,0.9559515714645386,1091.8551025390625,30.629653930664062,0.9646432399749756,1074.3515625,30.777374267578125,0.5858851671218872,1122.611083984375,45.036346435546875,0.945246160030365,1076.229736328125,45.16845703125,0.05924304202198982,1141.3192138671875,103.39093780517578,0.9977167844772339,1061.1728515625,110.60594177246094,0.9853897094726562,1094.438232421875,131.2332305908203,0.9956074357032776,1010.474365234375,155.1621856689453,0.9037717580795288,1063.51123046875,52.39265441894531,0.9898679256439209,1031.831298828125,66.69976043701172,0.8925928473472595,1109.763916015625,293.16131591796875,0.9990214109420776,1051.9093017578125,296.44976806640625,0.9977431297302246,1119.8919677734375,441.71722412109375,0.9962349534034729,1055.543701171875,446.36773681640625,0.9906871914863586,1143.2789306640625,585.5730590820312,0.96401047706604,1083.915283203125,590.38671875,0.93302983045578
25,998.83740234375,0.0,1169.431640625,581.3867797851562,0.9027458429336548,0,2,1078.937744140625,38.40460968017578,0.956645131111145,1091.707275390625,29.981117248535156,0.9661941528320312,1074.40771484375,30.088943481445312,0.5812106132507324,1122.830322265625,44.55043029785156,0.9486040472984314,1076.8839111328125,44.5341796875,0.05685122311115265,1141.8369140625,102.94764709472656,0.9978139400482178,1062.017822265625,110.1620864868164,0.98521488904953,1094.2847900390625,130.369384765625,0.9958472847938538,1010.7996826171875,154.98077392578125,0.9009590148925781,1062.6856689453125,49.972434997558594,0.9902820587158203,1031.46484375,65.24947357177734,0.8901839256286621,1110.1195068359375,292.8959655761719,0.9990383386611938,1052.494873046875,296.0298156738281,0.997718334197998,1119.4296875,442.75018310546875,0.9962717294692993,1055.531982421875,447.07598876953125,0.9904651641845703,1142.2967529296875,588.2515869140625,0.9637097716331482,1082.9444580078125,592.4434814453125,0.9309712052345276
26,999.1370849609375,0.129547119140625,1171.0076904296875,578.068115234375,0.9097186923027039,0,2,1080.0400390625,40.885929107666016,0.9596073031425476,1093.2572021484375,31.491863250732422,0.9515329599380493,1075.73388671875,31.285057067871094,0.6318048238754272,1125.6046142578125,45.028106689453125,0.8968048095703125,1078.06103515625,44.885009765625,0.06243675574660301,1140.03125,101.53854370117188,0.9947385191917419,1067.845703125,111.2083511352539,0.9899426698684692,1091.7255859375,130.91708374023438,0.9892247319221497,1017.9512939453125,157.0074005126953,0.9612516760826111,1062.5389404296875,46.44723129272461,0.9858194589614868,1039.797607421875,54.34849548339844,0.9584384560585022,1110.845458984375,294.2046203613281,0.9982154369354248,1058.525146484375,297.9690246582031,0.9976944327354431,1115.493408203125,442.94805908203125,0.9894759654998779,1060.212646484375,444.95672607421875,0.986031174659729,1143.438232421875,574.3562622070312,0.8900839686393738,1082.338134765625,575.4107666015625,0.8756442666053772
27,998.01416015625,0.0,1169.345947265625,579.2047119140625,0.897826075553894,0,2,1078.9464111328125,39.508026123046875,0.9280723929405212,1091.2701416015625,30.589920043945312,0.9438929557800293,1074.735595703125,30.67218017578125,0.4475289583206177,1122.757080078125,44.64289855957031,0.9291248917579651,1078.431640625,44.27410125732422,0.04127461090683937,1142.3896484375,103.79235076904297,0.9964542388916016,1063.9635009765625,110.7473373413086,0.977321445941925,1090.6396484375,131.70704650878906,0.9946690201759338,1011.6234741210938,158.783935546875,0.8852493762969971,1064.6407470703125,52.765960693359375,0.9876391291618347,1036.190673828125,66.82866668701172,0.8722370266914368,1110.682861328125,295.9889831542969,0.9987383484840393,1053.5469970703125,298.6499938964844,0.9971030354499817,1120.8599853515625,447.5018005371094,0.9962737560272217,1056.8045654296875,449.3656311035156,0.990925669670105,1141.6689453125,597.4739990234375,0.9663363099098206,1080.903564453125,597.257568359375,0.9385882616043091
28,997.9169311523438,0.0,1169.309814453125,578.7568359375,0.8980252146720886,0,2,1078.4844970703125,39.74542236328125,0.9219939708709717,1090.633544921875,30.842971801757812,0.9392488598823547,1074.450927734375,31.074737548828125,0.4212324023246765,1122.263916015625,44.99089050292969,0.9271130561828613,1078.76171875,45.00757598876953,0.03815745934844017,1142.4935302734375,103.9972915649414,0.9963281750679016,1064.4901123046875,111.3287353515625,0.9770516753196716,1090.5419921875,130.4586639404297,0.9947891235351562,1011.9212036132812,158.68162536621094,0.890773594379425,1064.5550537109375,49.39922332763672,0.9881161451339722,1035.6259765625,66.00288391113281,0.8790554404258728,1110.5762939453125,296.38812255859375,0.9987757802009583,1053.65771484375,299.0450439453125,0.9972350001335144,1120.912109375,448.5186767578125,0.9963696002960205,1056.7835693359375,449.9859924316406,0.9913057684898376,1143.0650634765625,599.6357421875,0.966463029384613,1081.710693359375,598.797607421875,0.9396620988845825
29,997.961669921875,0.0,1169.5760498046875,579.6650390625,0.8967304825782776,0,2,1078.6177978515625,39.386924743652344,0.9288880825042725,1090.849609375,30.414161682128906,0.9451224207878113,1074.3369140625,30.655654907226562,0.4477764368057251,1122.55126953125,44.509918212890625,0.9307151436805725,1078.28466796875,44.578765869140625,0.04032158851623535,1142.510498046875,103.67271423339844,0.9964122176170349,1064.746337890625,111.0846176147461,0.9772148728370667,1090.28076171875,130.53787231445312,0.9946994781494141,1012.75341796875,158.85574340820312,0.8866184949874878,1063.91943359375,48.52880859375,0.9877603650093079,1035.130126953125,66.14083099365234,0.8739573359489441,1110.9788818359375,296.77117919921875,0.9987138509750366,1054.111572265625,299.4718017578125,0.9970640540122986,1121.5927734375,450.34295654296875,0.99610835313797,1057.635009765625,452.15185546875,0.9905863404273987,1143.9677734375,602.0656127929688,0.964136004447937,1081.174560546875,601.84423828125,0.9350712895393372
30,997.7926025390625,0.0,1169.8699951171875,584.25341796875,0.8970450162887573,0,2,1079.414306640625,39.530616760253906,0.9323470592498779,1091.5723876953125,30.426315307617188,0.9479613900184631,1074.9471435546875,30.779708862304688,0.46049442887306213,1123.185546875,44.295501708984375,0.9327715635299683,1078.6639404296875,44.63941955566406,0.04162110388278961,1142.9876708984375,103.58006286621094,0.9965518712997437,1065.33349609375,111.12232971191406,0.9775393009185791,1090.60009765625,131.19378662109375,0.9949053525924683,1012.286376953125,159.25291442871094,0.8865877985954285,1064.0516357421875,50.34114074707031,0.9882035851478577,1034.73583984375,68.08568572998047,0.8748937249183655,1111.170166015625,295.8956298828125,0.9986989498138428,1054.56298828125,298.6990966796875,0.9969859719276428,1121.470458984375,449.2376708984375,0.9960246086120605,1058.190673828125,451.5288391113281,0.9902192950248718,1141.66748046875,601.5352783203125,0.9629907011985779,1079.979248046875,602.2299194335938,0.9321755766868591
31,997.8551025390625,0.0,1169.8038330078125,586.039794921875,0.8986054062843323,0,2,1079.8988037109375,39.373558044433594,0.9349641799926758,1092.2491455078125,30.196197509765625,0.9496952891349792,1075.0966796875,30.48870849609375,0.4786306917667389,1123.744873046875,44.04496765136719,0.9319176077842712,1078.008544921875,44.27911376953125,0.044106438755989075,1143.1065673828125,103.47084045410156,0.9964483976364136,1064.612548828125,110.85621643066406,0.9773162007331848,1090.857177734375,131.68321228027344,0.994721531867981,1011.8631591796875,159.23617553710938,0.8858084678649902,1063.848388671875,51.92156982421875,0.9878837466239929,1035.1094970703125,67.94618225097656,0.8743011355400085,1111.24169921875,296.34033203125,0.9985949397087097,1054.043212890625,299.1100769042969,0.9967654943466187,1121.96826171875,450.7867126464844,0.9955909252166748,1058.2972412109375,452.7333984375,0.9892151951789856,1143.1207275390625,603.704833984375,0.9587259888648987,1080.920166015625,603.73193359375,0.9248343110084534
32,997.6802978515625,0.0,1170.339599609375,588.7596435546875,0.9038298726081848,0,2,1080.0281982421875,39.28038024902344,0.9480763673782349,1093.0660400390625,28.83837890625,0.9547368288040161,1075.416748046875,29.59515380859375,0.5867241024971008,1124.556396484375,41.07041931152344,0.9282260537147522,1079.232421875,42.22991180419922,0.06320471316576004,1138.0323486328125,104.58151245117188,0.9938799142837524,1066.18359375,113.26803588867188,0.9783293604850769,1085.3857421875,130.43128967285156,0.9880926012992859,1011.75439453125,162.0592041015625,0.8941312432289124,1062.598876953125,54.31519317626953,0.9755370616912842,1038.20458984375,81.76808166503906,0.8715247511863708,1109.801513671875,298.83319091796875,0.99650639295578,1057.5068359375,302.3507080078125,0.99410480260849,1119.6239013671875,452.162109375,0.9907582998275757,1063.984619140625,454.8084716796875,0.9843899607658386,1141.282470703125,598.731689453125,0.930690348148346,1081.0079345703125,600.66064453125,0.9050068259239197
33,998.5257568359375,0.0,1170.264404296875,590.032958984375,0.9007613658905029,0,2,1079.2138671875,38.726806640625,0.9564782381057739,1092.1446533203125,30.170631408691406,0.9654456973075867,1074.2679443359375,30.45245361328125,0.5856521725654602,1123.3853759765625,45.01496887207031,0.9452442526817322,1076.2802734375,45.38360595703125,0.057619232684373856,1141.33349609375,103.76901245117188,0.9976627826690674,1062.85986328125,111.2208480834961,0.9848912358283997,1093.7965087890625,130.25270080566406,0.995681881904602,1011.267822265625,154.55386352539062,0.9038988351821899,1063.602294921875,50.943603515625,0.990257740020752,1032.798828125,63.727294921875,0.8954558372497559,1110.89208984375,294.9571838378906,0.9989902377128601,1054.2767333984375,298.1686096191406,0.9976584911346436,1119.6107177734375,445.7369384765625,0.9960237741470337,1058.036376953125,449.51141357421875,0.9900739192962646,1143.3387451171875,591.488037109375,0.9611153602600098,1084.3021240234375,594.349365234375,0.927551805973053
34,998.8443603515625,0.0,1170.0509033203125,590.3759765625,0.903113603591919,0,2,1079.1444091796875,38.03764343261719,0.9591799378395081,1092.146240234375,29.65930938720703,0.9677097201347351,1074.158447265625,29.880775451660156,0.6026795506477356,1123.2587890625,45.00080108642578,0.9477960467338562,1075.9599609375,45.21942901611328,0.06091837212443352,1141.2503662109375,103.82286071777344,0.9978027939796448,1062.1278076171875,111.40032958984375,0.9854466915130615,1093.69091796875,129.114013671875,0.9958227872848511,1011.01513671875,154.36981201171875,0.9036465883255005,1063.048583984375,49.92356872558594,0.9904319643974304,1032.3492431640625,64.68988037109375,0.8946848511695862,1111.103759765625,294.8712158203125,0.9990062117576599,1054.022705078125,298.15972900390625,0.9976657629013062,1119.6749267578125,446.02020263671875,0.996020495891571,1057.732177734375,450.09130859375,0.9899160265922546,1142.306640625,591.65576171875,0.9607469439506531,1083.482421875,594.94775390625,0.9260489344596863
35,998.8320922851562,0.0,1170.181640625,591.6952514648438,0.9015567898750305,0,2,1078.9530029296875,38.53971862792969,0.9561712741851807,1091.8323974609375,30.14714813232422,0.9652179479598999,1073.9700927734375,30.451675415039062,0.5853105187416077,1122.95556640625,45.32157897949219,0.9448802471160889,1075.918701171875,45.758331298828125,0.05807726830244064,1141.27392578125,103.69878387451172,0.9976900815963745,1062.4207763671875,111.47862243652344,0.984714925289154,1093.987548828125,130.4009246826172,0.9956386685371399,1010.9547729492188,155.49285888671875,0.8999836444854736,1063.4288330078125,51.476531982421875,0.9900336861610413,1031.642333984375,65.94410705566406,0.8908460140228271,1111.05322265625,294.53875732421875,0.9990231990814209,1054.293212890625,297.95904541015625,0.9977062940597534,1119.253173828125,445.37213134765625,0.9962689876556396,1057.96337890625,449.90899658203125,0.990559458732605,1141.5079345703125,591.1400146484375,0.9641761183738708,1083.921142578125,595.1942138671875,0.9323814511299133
36,998.4120483398438,0.0,1171.421875,593.6074829101562,0.9011133313179016,0,2,1080.502685546875,38.32209777832031,0.9415913224220276,1092.94677734375,29.28050994873047,0.9534484148025513,1075.1357421875,29.571372985839844,0.5196269154548645,1123.5743408203125,43.38276672363281,0.931463360786438,1076.53955078125,43.6241455078125,0.05261533707380295,1142.39599609375,102.474609375,0.9969891905784607,1062.952392578125,110.4788818359375,0.9793990850448608,1089.3494873046875,131.25717163085938,0.9949737787246704,1010.6109619140625,160.58154296875,0.8822516202926636,1063.880615234375,52.374481201171875,0.9878623485565186,1035.5078125,68.91476440429688,0.8676459789276123,1112.7470703125,294.4140625,0.9988524913787842,1055.1134033203125,297.6885986328125,0.9972553849220276,1121.640869140625,445.5625305175781,0.9967613816261292,1058.3392333984375,448.0996398925781,0.9917042255401611,1139.9893798828125,596.6839599609375,0.9713128209114075,1082.0322265625,597.000244140625,0.9452651143074036
37,998.8328247070312,0.0,1170.75537109375,592.236328125,0.9022827744483948,0,2,1079.9227294921875,37.24889373779297,0.964832603931427,1093.116455078125,28.89997100830078,0.9710264205932617,1074.324951171875,29.004249572753906,0.6584356427192688,1123.34814453125,44.247344970703125,0.9467536807060242,1074.4912109375,44.284149169921875,0.0759601965546608,1140.5811767578125,102.4346694946289,0.9979990124702454,1060.7081298828125,110.46255493164062,0.9864185452461243,1093.2591552734375,128.76788330078125,0.9955507516860962,1010.853759765625,155.67318725585938,0.8966713547706604,1061.9830322265625,49.55266571044922,0.9894142150878906,1031.830322265625,65.87022399902344,0.8841773867607117,1111.6495361328125,293.17242431640625,0.9991094470024109,1054.1314697265625,296.72186279296875,0.9978717565536499,1120.2086181640625,444.28851318359375,0.9968109726905823,1058.1473388671875,448.5909118652344,0.9917803406715393,1140.8155517578125,591.05810546875,0.9707197546958923,1083.8984375,594.3184814453125,0.9434708952903748
38,998.203369140625,0.0,1170.783935546875,592.9593505859375,0.9006673097610474,0,2,1079.7119140625,37.425682067871094,0.9664017558097839,1092.8448486328125,29.084014892578125,0.9719436764717102,1074.166748046875,29.31903076171875,0.666522204875946,1123.1080322265625,44.58906555175781,0.9479771256446838,1074.566162109375,44.981895446777344,0.07678370922803879,1140.7158203125,102.82225036621094,0.9981099367141724,1060.7476806640625,111.3442153930664,0.9875748753547668,1093.090087890625,128.8331756591797,0.9956530332565308,1010.2190551757812,156.4906768798828,0.9036262035369873,1061.8861083984375,49.447792053222656,0.9897145628929138,1031.400634765625,65.75578308105469,0.8910685777664185,1111.490234375,293.6053466796875,0.9992160797119141,1053.961669921875,297.30169677734375,0.9981656670570374,1120.1483154296875,445.6165466308594,0.9973019361495972,1057.274169921875,449.85223388671875,0.9932048320770264,1140.6309814453125,594.2735595703125,0.9752209782600403,1084.20947265625,597.2930908203125,0.9528517723083496
39,998.576416015625,0.0,1170.7125244140625,597.1043090820312,0.9007580876350403,0,2,1080.062744140625,37.07972717285156,0.9611721634864807,1093.2138671875,28.87078857421875,0.9693818688392639,1075.07861328125,28.878868103027344,0.570618748664856,1124.888427734375,44.51252746582031,0.9533601403236389,1075.6466064453125,44.97596740722656,0.044651079922914505,1142.21142578125,101.3755874633789,0.9984738230705261,1062.6259765625,111.85924530029297,0.99018794298172,1088.9637451171875,128.8141632080078,0.9970659613609314,1015.1160278320312,158.89910888671875,0.9348258972167969,1062.7564697265625,42.915870666503906,0.9934739470481873,1033.544921875,55.04896545410156,0.9268980622291565,1109.2742919921875,292.6993713378906,0.9996078610420227,1052.3956298828125,297.56494140625,0.9990869760513306,1116.2965087890625,446.18072509765625,0.9986287355422974,1060.1077880859375,451.3558044433594,0.9965086579322815,1138.0819091796875,592.0362548828125,0.9853034019470215,1083.72314453125,598.0355224609375,0.9722981452941895
40,998.681640625,0.0,1170.2891845703125,600.0987548828125,0.8999053239822388,0,2,1079.8935546875,36.98835754394531,0.9614467024803162,1092.7724609375,28.624603271484375,0.9671684503555298,1074.1448974609375,29.110336303710938,0.6369096040725708,1123.1456298828125,44.07444763183594,0.9414540529251099,1074.620849609375,45.15577697753906,0.07130247354507446,1141.4171142578125,101.822265625,0.9979690909385681,1061.4183349609375,111.21839904785156,0.9871375560760498,1092.12548828125,127.25452423095703,0.9952954649925232,1010.488525390625,156.00064086914062,0.9023717045783997,1061.1734619140625,45.91614532470703,0.9889145493507385,1031.34423828125,63.78662109375,0.8886114954948425,1111.391357421875,293.0368347167969,0.9993304014205933,1053.857177734375,297.3152160644531,0.9984708428382874,1120.2174072265625,446.744873046875,0.9979210495948792,1059.7559814453125,452.6580505371094,0.9949423670768738,1141.4776611328125,595.5255126953125,0.9818260669708252,1085.824951171875,601.4708862304688,0.9660975933074951
41,998.6581420898438,0.0,1170.003662109375,599.1428833007812,0.9011380672454834,0,2,1079.7376708984375,37.09600067138672,0.9620301723480225,1092.75830078125,29.005233764648438,0.9706124067306519,1075.0596923828125,28.89678955078125,0.5735495090484619,1124.3642578125,44.448211669921875,0.9554778337478638,1076.0638427734375,44.570594787597656,0.04502984136343002,1141.985107421875,100.95176696777344,0.9984927177429199,1062.78271484375,110.79934692382812,0.9900088310241699,1089.7489013671875,128.34829711914062,0.9971635937690735,1015.5316162109375,158.25045776367188,0.9336803555488586,1062.14697265625,43.107765197753906,0.993648111820221,1033.2379150390625,58.163291931152344,0.9261182546615601,1109.6153564453125,292.0805358886719,0.9995718598365784,1053.0693359375,296.46575927734375,0.9989860653877258,1115.87939453125,446.2328796386719,0.9984170198440552,1060.48486328125,450.3899230957031,0.9958789348602295,1136.7781982421875,592.6642456054688,0.9825145602226257,1083.0692138671875,597.2689208984375,0.966596782207489
42,998.63818359375,0.0,1170.1461181640625,602.74755859375,0.9012615084648132,0,2,1080.206787109375,36.112518310546875,0.9652165174484253,1093.4228515625,27.9327392578125,0.971956193447113,1075.1807861328125,27.860321044921875,0.6084414720535278,1124.719482421875,43.70947265625,0.9539728760719299,1075.4881591796875,43.93821716308594,0.0510166734457016,1141.7093505859375,100.58648681640625,0.9984686970710754,1062.6134033203125,110.52259826660156,0.9907107949256897,1089.810302734375,129.23382568359375,0.9969028830528259,1016.1466064453125,158.37062072753906,0.937073826789856,1063.0887451171875,44.20225524902344,0.9931877851486206,1033.8648681640625,56.280303955078125,0.9288135170936584,1110.4375,291.9727783203125,0.9995699524879456,1053.9500732421875,296.3828125,0.9990276098251343,1115.9775390625,447.3547668457031,0.9984644651412964,1059.895263671875,451.2485046386719,0.9961949586868286,1136.7181396484375,595.362548828125,0.9833652377128601,1083.326904296875,599.2083740234375,0.9693251848220825
43,997.45751953125,0.0,1170.015380859375,605.2816772460938,0.9005189538002014,0,2,1080.30810546875,36.2010498046875,0.9652316570281982,1093.684814453125,28.056884765625,0.9720705151557922,1075.2215576171875,27.905731201171875,0.6095717549324036,1124.99853515625,44.05023193359375,0.9537283182144165,1075.303955078125,44.080650329589844,0.05124155431985855,1141.45654296875,100.94891357421875,0.9985107779502869,1062.2164306640625,110.63864135742188,0.9905191659927368,1089.3934326171875,129.5819549560547,0.9969507455825806,1015.6927490234375,159.0303497314453,0.933854341506958,1062.822021484375,43.34385681152344,0.9932089447975159,1033.5517578125,56.85383605957031,0.925516664981842,1109.869384765625,292.463134765625,0.9995943903923035,1053.324951171875,296.69195556640625,0.9990584254264832,1115.260009765625,448.7972717285156,0.9985963702201843,1060.123046875,452.11517333984375,0.9964182376861572,1135.8287353515625,597.5914916992188,0.9849980473518372,1082.6912841796875,600.40771484375,0.9716861248016357
44,997.7275390625,0.0,1169.9134521484375,606.4786376953125,0.8997411727905273,0,2,1080.194091796875,36.12419128417969,0.9627360701560974,1093.6409912109375,27.92108917236328,0.9695899486541748,1075.13232421875,27.76782989501953,0.5930547118186951,1125.1767578125,43.92315673828125,0.9501413702964783,1075.3701171875,43.905120849609375,0.048817556351423264,1141.4921875,100.96662902832031,0.9984373450279236,1062.715576171875,110.45172119140625,0.9902809858322144,1089.1121826171875,130.02215576171875,0.9967845678329468,1015.9308471679688,158.79110717773438,0.9331226348876953,1063.4234619140625,44.80323028564453,0.9929360747337341,1033.463134765625,57.29136657714844,0.924982488155365,1110.226806640625,292.7180480957031,0.9996241331100464,1054.0147705078125,296.82366943359375,0.9991400241851807,1115.4224853515625,448.14697265625,0.9987998008728027,1059.8990478515625,451.26141357421875,0.996995210647583,1135.4090576171875,597.0034790039062,0.9877604246139526,1082.651123046875,599.5391845703125,0.9772049784660339
45,997.57763671875,0.0,1169.9432373046875,604.7457885742188,0.9007911086082458,0,2,1080.46826171875,35.91462707519531,0.9642629027366638,1093.98876953125,27.732032775878906,0.970952033996582,1075.56201171875,27.41839599609375,0.6013803482055664,1125.632080078125,43.68516540527344,0.9520297050476074,1075.9227294921875,43.257911682128906,0.04937947541475296,1141.8427734375,100.81968688964844,0.9984887838363647,1062.846435546875,110.11846160888672,0.9906246066093445,1089.125732421875,130.12449645996094,0.99681156873703,1016.2421875,158.59657287597656,0.933795690536499,1063.3809814453125,44.83026123046875,0.9929250478744507,1033.14892578125,56.870704650878906,0.9249639511108398,1110.7117919921875,292.8292236328125,0.9996317625045776,1054.23486328125,296.9600830078125,0.9991593360900879,1115.8935546875,448.8716125488281,0.9988120794296265,1060.1546630859375,452.5397644042969,0.9970345497131348,1135.1575927734375,597.8232421875,0.9878409504890442,1081.228515625,601.430419921875,0.9773998856544495
46,997.4884643554688,0.0,1169.82177734375,607.8449096679688,0.9032413363456726,0,2,1080.4898681640625,36.42638397216797,0.9656550884246826,1093.923095703125,28.155487060546875,0.9726983308792114,1075.506103515625,27.860939025878906,0.6095268130302429,1125.540771484375,43.87440490722656,0.9542816281318665,1075.83837890625,43.46598815917969,0.049619998782873154,1141.646240234375,101.44230651855469,0.9984557628631592,1063.009765625,110.24600219726562,0.9900027513504028,1088.901611328125,130.85812377929688,0.9968249797821045,1015.1763916015625,158.06619262695312,0.9297314286231995,1063.692138671875,45.351173400878906,0.99293053150177,1033.9522705078125,55.55291748046875,0.9214374423027039,1109.625244140625,293.7541809082031,0.9995583891868591,1053.332275390625,297.6849670410156,0.9989635944366455,1116.1983642578125,449.111083984375,0.9984551668167114,1059.69091796875,452.18853759765625,0.9960249662399292,1135.75732421875,596.8645629882812,0.9838196635246277,1079.83935546875,599.6844482421875,0.9693264365196228
47,997.6820068359375,0.0,1169.853515625,611.5389404296875,0.9024857878684998,0,2,1080.4844970703125,35.348968505859375,0.9626479744911194,1093.922607421875,27.154998779296875,0.9702346324920654,1075.504150390625,26.829437255859375,0.5908650159835815,1125.50341796875,43.32664489746094,0.951166033744812,1075.797607421875,42.77277374267578,0.047897182404994965,1141.5196533203125,101.24697875976562,0.9984082579612732,1062.6966552734375,109.84335327148438,0.9894067645072937,1088.7447509765625,130.82044982910156,0.9967370629310608,1015.0311279296875,157.1505889892578,0.9251295924186707,1064.0413818359375,45.26653289794922,0.9926983714103699,1034.3663330078125,55.56449890136719,0.9167580008506775,1110.039794921875,291.99365234375,0.9995859265327454,1053.5244140625,296.1317138671875,0.9990143775939941,1116.011962890625,446.0115966796875,0.9986671209335327,1058.98876953125,450.65142822265625,0.9965242743492126,1134.86376953125,593.12060546875,0.9867095351219177,1077.3798828125,598.6755981445312,0.9744424819946289
48,997.794189453125,0.0,1169.75048828125,614.0499267578125,0.9026387333869934,0,2,1080.53076171875,35.386505126953125,0.963759183883667,1093.90966796875,27.182510375976562,0.9711896777153015,1075.6781005859375,26.802886962890625,0.5990827083587646,1125.3184814453125,43.063018798828125,0.952269434928894,1075.97607421875,42.3826904296875,0.0492149256169796,1141.3905029296875,100.9278564453125,0.9984789490699768,1062.2913818359375,109.5615005493164,0.989567220211029,1089.0911865234375,130.65045166015625,0.9967719912528992,1015.2130126953125,157.22967529296875,0.9230027198791504,1064.22021484375,44.64642333984375,0.9926215410232544,1034.301025390625,55.28185272216797,0.913519561290741,1109.7822265625,291.79376220703125,0.9996008276939392,1052.99853515625,295.9561767578125,0.9990344047546387,1116.0595703125,445.7174377441406,0.9987340569496155,1058.875,450.5269775390625,0.9966455101966858,1133.7467041015625,593.1944580078125,0.9875481128692627,1075.2781982421875,599.000244140625,0.975730836391449
49,997.447998046875,0.0,1169.7755126953125,624.4696044921875,0.9025865793228149,0,2,1080.160888671875,35.692108154296875,0.9621092081069946,1093.372802734375,27.45208740234375,0.9689691066741943,1075.373046875,27.220367431640625,0.5863628387451172,1124.6549072265625,43.139190673828125,0.9498095512390137,1075.878173828125,42.848236083984375,0.04862312227487564,1141.632568359375,101.02411651611328,0.9985846281051636,1062.1986083984375,109.60615539550781,0.9905956983566284,1089.669921875,130.94369506835938,0.9970241189002991,1015.6030883789062,157.15872192382812,0.9327084422111511,1064.37060546875,45.51850891113281,0.9932833909988403,1035.07763671875,55.36571502685547,0.9241960644721985,1109.8779296875,292.1486511230469,0.9996875524520874,1052.9669189453125,295.9534912109375,0.9992631077766418,1115.4202880859375,446.42230224609375,0.9990628361701965,1058.306396484375,449.5001220703125,0.9975801706314087,1133.2249755859375,595.0206909179688,0.9906918406486511,1076.9752197265625,597.9332275390625,0.9821919798851013
50,997.9603271484375,0.0,1169.859130859375,619.1362915039062,0.9053176045417786,0,2,1080.6492919921875,36.31989669799805,0.973368763923645,1094.2249755859375,27.53243637084961,0.9748503565788269,1075.18798828125,27.369667053222656,0.6904819011688232,1125.5,42.257537841796875,0.9513253569602966,1075.2802734375,42.15031814575195,0.06916126608848572,1141.014404296875,100.443603515625,0.9985796213150024,1064.8304443359375,109.37106323242188,0.99444180727005,1087.1640625,131.20152282714844,0.9968467354774475,1015.9100341796875,156.79287719726562,0.9663608074188232,1061.54150390625,46.056541442871094,0.9942952990531921,1036.8712158203125,53.802085876464844,0.9632552862167358,1112.0206298828125,293.19561767578125,0.9995686411857605,1057.365234375,296.8311462402344,0.9992357492446899,1114.7501220703125,443.1298828125,0.9978933930397034,1055.7994384765625,445.1163024902344,0.9959557056427002,1131.89453125,587.4273681640625,0.97444748878479,1077.6102294921875,588.3792114257812,0.9612452983856201
51,278.6524658203125,411.072509765625,1215.226318359375,852.9757690429688,0.9281689524650574,0,2,414.972900390625,555.5098266601562,0.9390237331390381,401.491455078125,522.765869140625,0.9428108930587769,396.170654296875,559.23974609375,0.7559802532196045,424.87017822265625,471.6686096191406,0.8833815455436707,392.12542724609375,549.375732421875,0.3231745660305023,554.024658203125,461.8037109375,0.9952383041381836,484.43145751953125,569.1187744140625,0.9416652321815491,721.9304809570312,546.00244140625,0.9888103008270264,589.9359741210938,641.5853271484375,0.683993399143219,557.7674560546875,634.6853637695312,0.9553324580192566,452.9930419921875,601.4149169921875,0.6350722908973694,847.67138671875,544.089111328125,0.98703533411026,791.899169921875,606.3385009765625,0.9583360552787781,986.1317138671875,684.0056762695312,0.944105327129364,954.732666015625,740.0235595703125,0.8398183584213257,1156.3695068359375,760.7499389648438,0.6825597882270813,1129.34423828125,728.6914672851562,0.5496794581413269
52,998.0013427734375,0.0,1169.659423828125,619.8756103515625,0.9043475985527039,0,2,1080.048828125,35.512481689453125,0.9606328010559082,1093.3065185546875,27.33263397216797,0.9681892991065979,1075.322265625,26.98487091064453,0.5784496068954468,1124.50244140625,43.17718505859375,0.9491854906082153,1075.737548828125,42.53228759765625,0.048269979655742645,1141.255126953125,101.46063995361328,0.9985182881355286,1061.6318359375,109.67566680908203,0.989974319934845,1089.8603515625,130.8272247314453,0.9969964027404785,1015.38134765625,156.29415893554688,0.9297289848327637,1064.7354736328125,46.54463195800781,0.9932165741920471,1034.79736328125,55.90605926513672,0.9214646816253662,1110.2762451171875,292.5182189941406,0.9996508359909058,1053.197265625,296.31488037109375,0.9991661310195923,1115.2431640625,446.04437255859375,0.9989070892333984,1058.149169921875,449.652099609375,0.9971292614936829,1132.682861328125,593.777587890625,0.9890367388725281,1075.6358642578125,597.6329345703125,0.9787513613700867
53,295.71661376953125,418.3582763671875,1238.0079345703125,874.27001953125,0.9252417683601379,0,2,422.75006103515625,552.4442138671875,0.9296671748161316,413.15936279296875,515.9976196289062,0.9449732899665833,400.338134765625,549.0887451171875,0.654246985912323,445.1454162597656,458.912109375,0.8996632099151611,404.8563537597656,530.8544311523438,0.20171651244163513,573.9561767578125,471.42718505859375,0.9954736828804016,516.736083984375,545.9833984375,0.9337995648384094,714.1487426757812,611.6576538085938,0.9919468760490417,622.6405029296875,634.7741088867188,0.717802107334137,574.9078979492188,745.2340087890625,0.9654780030250549,500.7323913574219,617.2696533203125,0.6870920658111572,854.290283203125,562.479736328125,0.9904298186302185,801.8981323242188,608.4413452148438,0.9672074913978577,976.6572875976562,753.280517578125,0.9335286021232605,906.1923828125,800.2392578125,0.8134689927101135,1149.233154296875,795.1320190429688,0.5970695614814758,1041.18017578125,765.274658203125,0.4629487991333008
54,304.81488037109375,410.8199157714844,1248.9217529296875,923.3284912109375,0.9366962909698486,0,2,424.1639099121094,557.8548583984375,0.9549906253814697,414.310791015625,516.5496826171875,0.9527094960212708,397.0024108886719,555.2807006835938,0.6415731310844421,450.280517578125,452.98345947265625,0.915540337562561,404.1231689453125,539.3343505859375,0.17251501977443695,590.9509887695312,478.90771484375,0.9976938366889954,516.7731323242188,539.8101196289062,0.9789420366287231,697.4009399414062,664.153076171875,0.9966822266578674,595.4112548828125,621.809814453125,0.9111292958259583,565.5059814453125,813.762451171875,0.9879572987556458,477.561767578125,620.9827880859375,0.8902543187141418,875.5284423828125,578.30908203125,0.9967580437660217,808.648193359375,622.940673828125,0.9908851981163025,1014.9658203125,769.195068359375,0.9525676369667053,883.1185302734375,835.7902221679688,0.8847184777259827,1211.842041015625,815.68896484375,0.6437762379646301,1032.3291015625,784.6675415039062,0.5507012009620667
55,314.4178466796875,402.42919921875,1263.549072265625,970.417724609375,0.935357391834259,0,2,428.44024658203125,554.5032958984375,0.9525028467178345,427.53875732421875,516.9923095703125,0.9527533054351807,404.42822265625,547.400634765625,0.5940306186676025,469.27203369140625,460.9683837890625,0.9203099012374878,404.0262451171875,528.5081176757812,0.12544004619121552,600.04931640625,497.15264892578125,0.9981920123100281,512.2596435546875,543.1369018554688,0.9753525257110596,688.8615112304688,702.102783203125,0.9974787831306458,615.3143310546875,614.04248046875,0.8995382785797119,568.2536010742188,872.43701171875,0.9893312454223633,521.5962524414062,629.1136474609375,0.8663175106048584,888.605224609375,611.2801513671875,0.9977070093154907,804.736083984375,652.090087890625,0.992630124092102,1017.3438720703125,792.9794311523438,0.9645704627037048,873.4595947265625,857.425048828125,0.899554967880249,1245.053466796875,792.5289916992188,0.7452822923660278,1050.7935791015625,793.3243408203125,0.6342388391494751
56,320.19744873046875,401.3096008300781,1271.8626708984375,1006.589111328125,0.929044246673584,0,2,431.6542053222656,566.3159790039062,0.9583966135978699,434.83477783203125,530.0989990234375,0.9627099633216858,407.9416809082031,552.2650146484375,0.6157642602920532,483.7050476074219,472.463623046875,0.9339805841445923,409.65765380859375,522.6455078125,0.12027282267808914,606.8524169921875,520.8216552734375,0.9982351064682007,522.2136840820312,546.3284912109375,0.9717987775802612,679.614501953125,746.171142578125,0.9976511597633362,626.535400390625,625.2869873046875,0.8945326805114746,565.192626953125,949.7794189453125,0.9880176782608032,530.5488891601562,625.1263427734375,0.870799720287323,892.57958984375,628.699951171875,0.9974609613418579,804.398193359375,659.2198486328125,0.9916621446609497,1019.5726318359375,804.0327758789062,0.9687341451644897,824.8917846679688,862.7823486328125,0.9105249643325806,1235.2818603515625,792.8802490234375,0.7597398161888123,959.2705078125,821.0546875,0.6447768211364746
57,327.3410339355469,406.7900390625,1278.4752197265625,1005.07763671875,0.9270338416099548,0,2,427.2083740234375,589.21142578125,0.9405955076217651,432.4842224121094,553.7548828125,0.951701283454895,407.47760009765625,570.4971313476562,0.4850921332836151,494.23028564453125,491.9326171875,0.9377440214157104,429.0332336425781,525.980224609375,0.09111964702606201,610.7506103515625,554.7144165039062,0.998151957988739,551.4052124023438,546.251708984375,0.9732253551483154,675.3597412109375,788.3895263671875,0.9972214698791504,639.2689208984375,623.3818359375,0.8823183178901672,558.5517578125,982.4324340820312,0.9851077198982239,529.3291015625,622.9044189453125,0.834606409072876,891.6051635742188,664.9844970703125,0.99700528383255,833.8482666015625,677.88916015625,0.990220308303833,1029.198974609375,842.3757934570312,0.9516550302505493,909.7796630859375,847.1890869140625,0.8705796599388123,1261.0081787109375,795.2724609375,0.6971307396888733,1106.08203125,766.2728271484375,0.5960826873779297
58,326.9678649902344,426.4507141113281,1288.5015869140625,1012.2271728515625,0.9201931953430176,0,2,434.47467041015625,607.93798828125,0.9074950814247131,438.83349609375,572.5482177734375,0.9276748299598694,415.49652099609375,587.302490234375,0.3588745594024658,501.7821044921875,509.10589599609375,0.9226559400558472,445.5611572265625,536.303466796875,0.07069386541843414,620.1033325195312,582.3453979492188,0.9976983666419983,569.022705078125,555.9327392578125,0.9624255299568176,708.5382080078125,807.4733276367188,0.9968808889389038,630.9778442382812,620.0972900390625,0.8528367280960083,574.0363159179688,984.7816162109375,0.9845082759857178,518.2149658203125,627.04638671875,0.8152883648872375,904.3917846679688,695.099365234375,0.995868444442749,862.9083251953125,700.427001953125,0.9858068227767944,1043.9169921875,873.1829223632812,0.9305786490440369,979.9224243164062,862.8829345703125,0.8167963027954102,1264.067626953125,821.4183349609375,0.6052602529525757,1166.5914306640625,771.1287231445312,0.4983389377593994
59,997.9493408203125,0.0,1168.959228515625,620.3563232421875,0.9056282639503479,0,2,1079.09716796875,34.13337707519531,0.93366539478302,1092.2344970703125,26.05748748779297,0.9354049563407898,1074.490478515625,25.811325073242188,0.520766019821167,1122.4052734375,42.354331970214844,0.8987777233123779,1075.956787109375,41.24922180175781,0.05942131578922272,1139.299072265625,101.56573486328125,0.996990442276001,1060.448974609375,107.53741455078125,0.9859148263931274,1093.0718994140625,130.2582244873047,0.9939236044883728,1011.1375122070312,153.91433715820312,0.9208105206489563,1064.472412109375,49.413414001464844,0.9873026609420776,1032.27490234375,66.07722473144531,0.9097787141799927,1112.0606689453125,292.7038879394531,0.9994483590126038,1055.1492919921875,295.2878112792969,0.9989463686943054,1119.1326904296875,446.7235107421875,0.9985983967781067,1058.4464111328125,449.16229248046875,0.9972087740898132,1137.53662109375,596.980712890625,0.9887468218803406,1079.033447265625,598.2479858398438,0.9819506406784058
60,997.6887817382812,0.0,1168.80126953125,619.8469848632812,0.9068400859832764,0,2,1079.1937255859375,34.806610107421875,0.9347308874130249,1091.9569091796875,26.46173858642578,0.9383740425109863,1074.1510009765625,26.51202392578125,0.5241768956184387,1121.7860107421875,42.04728698730469,0.9038766622543335,1075.17431640625,41.788055419921875,0.06108881160616875,1139.9052734375,101.30291748046875,0.9972503781318665,1060.4375,108.25621032714844,0.9855197668075562,1092.7757568359375,128.5485382080078,0.9945493340492249,1010.6405029296875,154.902587890625,0.9150930643081665,1062.45703125,44.762420654296875,0.9881190657615662,1030.8873291015625,67.573974609375,0.9037442207336426,1112.189697265625,291.7733459472656,0.9994631409645081,1054.8681640625,294.6586608886719,0.9989066123962402,1118.051025390625,444.8156433105469,0.9986346364021301,1057.38330078125,447.9244079589844,0.9970611929893494,1137.227294921875,596.38818359375,0.98888099193573,1078.69189453125,598.8948364257812,0.9810211658477783
61,997.916748046875,0.0,1168.582763671875,619.2543334960938,0.9050713181495667,0,2,1078.48876953125,34.52403259277344,0.8969835638999939,1090.8865966796875,26.239883422851562,0.9054141044616699,1074.6015625,26.209075927734375,0.38214167952537537,1121.4925537109375,41.4539794921875,0.8840106725692749,1077.927001953125,40.83338928222656,0.040646348148584366,1140.8038330078125,100.49819946289062,0.9964853525161743,1061.941650390625,106.95184326171875,0.9816509485244751,1093.836669921875,129.64797973632812,0.9944548010826111,1011.1055908203125,154.6671142578125,0.9133140444755554,1064.8392333984375,47.691078186035156,0.9883233308792114,1030.775146484375,67.77626037597656,0.9042176604270935,1111.6962890625,292.3777160644531,0.999466598033905,1054.787841796875,295.0862731933594,0.9989245533943176,1118.348876953125,445.9219970703125,0.9986516833305359,1057.841796875,449.05487060546875,0.9971351623535156,1137.172607421875,597.0972290039062,0.9888399243354797,1078.4295654296875,599.8272705078125,0.9812247157096863
62,995.7777099609375,0.0,1168.408203125,619.0052490234375,0.9083235859870911,0,2,1078.557861328125,34.43513488769531,0.9468157887458801,1091.41650390625,26.042770385742188,0.9494367837905884,1073.4462890625,26.044601440429688,0.5754044651985168,1121.34912109375,41.260894775390625,0.9154523015022278,1074.3250732421875,40.922607421875,0.06825040280818939,1139.359130859375,100.48561096191406,0.997614860534668,1059.5057373046875,107.50373840332031,0.9875498414039612,1092.3427734375,128.861328125,0.9947896003723145,1008.8410034179688,155.3941650390625,0.9200705289840698,1062.260498046875,45.64595031738281,0.9883887767791748,1029.9683837890625,68.1416015625,0.9071597456932068,1111.493408203125,292.65692138671875,0.9994874000549316,1054.036865234375,295.6535949707031,0.9989619255065918,1118.036376953125,447.4845886230469,0.9986211061477661,1058.1925048828125,450.59100341796875,0.9970560073852539,1137.08056640625,597.885986328125,0.9884665012359619,1079.0791015625,600.39111328125,0.9804351329803467
63,997.88818359375,0.0,1168.336669921875,618.0617065429688,0.9071253538131714,0,2,1078.7318115234375,34.47605895996094,0.9491509199142456,1091.4176025390625,26.186874389648438,0.954145073890686,1073.8494873046875,26.24201202392578,0.5731390118598938,1121.3837890625,41.39838409423828,0.9254640340805054,1075.2413330078125,41.24839782714844,0.0646439865231514,1139.944580078125,100.50099182128906,0.9978122711181641,1060.858154296875,107.79290771484375,0.9869166612625122,1093.68115234375,127.81123352050781,0.9952585101127625,1010.9058837890625,154.7235107421875,0.9108537435531616,1061.86962890625,45.58477020263672,0.9890585541725159,1029.614013671875,69.03394317626953,0.8979772329330444,1111.448974609375,292.0670166015625,0.99947589635849,1054.50927734375,295.00531005859375,0.9988560676574707,1118.3138427734375,446.595703125,0.9985435009002686,1059.066162109375,449.8515625,0.9966257810592651,1136.9052734375,595.9725952148438,0.9876733422279358,1079.059326171875,598.7134399414062,0.9777856469154358
64,998.08203125,0.0,1168.283447265625,618.3116455078125,0.9073282480239868,0,1,1078.37841796875,35.14723205566406,0.9420077204704285,1090.887939453125,26.802268981933594,0.9491069912910461,1074.0306396484375,26.913551330566406,0.5231298804283142,1121.4619140625,41.69316101074219,0.9247577786445618,1076.6707763671875,41.61039733886719,0.05389796197414398,1140.8260498046875,100.68161010742188,0.9976867437362671,1062.109130859375,107.72470092773438,0.9859945774078369,1094.4052734375,128.05345153808594,0.9954085946083069,1011.2635498046875,154.0045928955078,0.911403477191925,1062.759765625,46.76737976074219,0.9895837903022766,1030.044189453125,67.85973358154297,0.900425136089325,1111.433349609375,292.1051025390625,0.9994805455207825,1054.7060546875,294.76544189453125,0.9988625049591064,1119.17333984375,446.84197998046875,0.9985432624816895,1059.0980224609375,449.2729797363281,0.9966195821762085,1137.337158203125,596.2568969726562,0.9874409437179565,1078.7042236328125,597.722412109375,0.9774379730224609
65,998.0590209960938,0.0,1168.182373046875,618.326416015625,0.9065751433372498,0,1,1079.015380859375,35.1119384765625,0.9444543123245239,1091.6846923828125,26.78265380859375,0.9501305818557739,1074.537353515625,26.76757049560547,0.5430716276168823,1121.9775390625,41.520721435546875,0.9233255982398987,1076.580810546875,41.18108367919922,0.058501992374658585,1140.7469482421875,99.86932373046875,0.9977244734764099,1061.639404296875,106.85523986816406,0.9867369532585144,1094.158447265625,127.63955688476562,0.995354413986206,1011.7369995117188,154.37489318847656,0.9153658151626587,1062.29150390625,46.15752410888672,0.9894780516624451,1029.6773681640625,69.3442153930664,0.9037230610847473,1111.6083984375,291.1041564941406,0.999495267868042,1054.578125,293.66815185546875,0.998916506767273,1119.167236328125,446.490966796875,0.9986019730567932,1058.5006103515625,448.4726257324219,0.9968194961547852,1137.5667724609375,597.188720703125,0.9879312515258789,1079.693603515625,597.9144287109375,0.9786096811294556
66,997.8519287109375,0.0,1168.1422119140625,618.4468994140625,0.9044703841209412,0,1,1078.9039306640625,34.9859619140625,0.9466309547424316,1091.51416015625,26.661026000976562,0.9521167874336243,1074.344970703125,26.64935302734375,0.5559032559394836,1121.6983642578125,41.16233825683594,0.9253262281417847,1076.156494140625,40.889373779296875,0.061207033693790436,1141.0360107421875,99.1673812866211,0.997820258140564,1061.0384521484375,106.56866455078125,0.9872745275497437,1095.367431640625,127.09034729003906,0.9953991770744324,1011.4361572265625,154.2311248779297,0.9158390760421753,1061.812255859375,45.7034912109375,0.9894052147865295,1029.508544921875,68.55846405029297,0.902827262878418,1111.7139892578125,290.9365539550781,0.9995126724243164,1054.1708984375,293.8133544921875,0.9989528656005859,1118.4150390625,446.4638671875,0.9986494183540344,1058.0341796875,449.61474609375,0.9969193935394287,1137.6331787109375,597.3565063476562,0.9883390665054321,1080.00244140625,599.9606323242188,0.979233980178833
67,998.0870361328125,0.0,1168.5435791015625,617.6990966796875,0.9051195383071899,0,1,1078.701171875,34.508445739746094,0.9544323682785034,1091.598388671875,26.355926513671875,0.9636671543121338,1075.07666015625,25.959091186523438,0.5115951895713806,1124.00732421875,41.207313537597656,0.9503151774406433,1077.961181640625,40.51432800292969,0.037084829062223434,1142.6900634765625,98.63175964355469,0.9986236095428467,1063.847412109375,106.95912170410156,0.9909653663635254,1091.20703125,127.49220275878906,0.9973865151405334,1016.962646484375,155.79273986816406,0.9406863451004028,1063.4801025390625,42.230186462402344,0.9941287040710449,1030.0989990234375,62.89958953857422,0.9331138730049133,1109.3956298828125,291.16070556640625,0.9997580647468567,1053.02294921875,294.5218200683594,0.9994426369667053,1114.4521484375,447.06573486328125,0.9992762207984924,1059.831787109375,450.16827392578125,0.9981862902641296,1133.3543701171875,595.3139038085938,0.9925098419189453,1077.457763671875,599.6370849609375,0.9860414862632751
68,997.6437377929688,0.0,1168.397705078125,617.587646484375,0.9058024287223816,0,1,1078.947998046875,34.273704528808594,0.9601699113845825,1092.037109375,26.127639770507812,0.9666265845298767,1074.909423828125,25.698165893554688,0.5593010783195496,1123.8826904296875,41.169525146484375,0.9506248235702515,1076.7113037109375,40.46342468261719,0.044276267290115356,1142.0938720703125,98.58340454101562,0.9987316727638245,1062.6259765625,107.02711486816406,0.9924725294113159,1090.828857421875,127.95982360839844,0.9973905682563782,1016.5386962890625,155.55996704101562,0.9493603706359863,1063.17431640625,42.50074768066406,0.9941896200180054,1031.26708984375,59.06657409667969,0.9411882758140564,1109.6929931640625,290.5398254394531,0.9997785687446594,1052.8359375,294.014404296875,0.9995173215866089,1113.5794677734375,445.6487731933594,0.9993454813957214,1057.773681640625,448.57977294921875,0.9984495639801025,1134.031005859375,593.45703125,0.9931904673576355,1078.120361328125,597.1513671875,0.9878061413764954
69,997.6395263671875,0.0,1168.3853759765625,617.447998046875,0.9046039581298828,0,1,1079.0078125,33.84942626953125,0.9500535726547241,1092.205810546875,25.886947631835938,0.9586315751075745,1075.1134033203125,25.356422424316406,0.501354992389679,1124.344482421875,41.78453063964844,0.9430662989616394,1077.1959228515625,40.70201110839844,0.03831315413117409,1141.987060546875,99.34030151367188,0.9984647035598755,1062.80908203125,107.52044677734375,0.9908154010772705,1090.81591796875,127.3243408203125,0.9972073435783386,1016.281005859375,155.1959686279297,0.9448317289352417,1063.675537109375,41.911903381347656,0.9939661622047424,1031.0609130859375,59.495635986328125,0.938040554523468,1109.6602783203125,290.8692321777344,0.9997462630271912,1053.033935546875,294.304931640625,0.9994433522224426,1113.61474609375,445.9716796875,0.9992478489875793,1059.24462890625,449.1801452636719,0.998207688331604,1132.8038330078125,593.3758544921875,0.9922372698783875,1076.670654296875,597.4246826171875,0.9860618710517883
70,997.55126953125,0.0,1168.170166015625,617.4952392578125,0.9054862260818481,0,1,1078.164306640625,34.291465759277344,0.9537411332130432,1091.2928466796875,26.28087615966797,0.961583137512207,1074.3304443359375,25.821212768554688,0.5181893706321716,1123.684326171875,41.907005310058594,0.9458737373352051,1076.84765625,40.9775390625,0.03883219137787819,1141.3341064453125,99.21416473388672,0.9984709620475769,1063.436279296875,107.2833480834961,0.9912316203117371,1090.3558349609375,128.07994079589844,0.997126042842865,1016.3388061523438,155.39712524414062,0.94684237241745,1063.560546875,43.04473114013672,0.9938538074493408,1031.564697265625,59.99933624267578,0.9400439262390137,1109.34130859375,291.3065490722656,0.9997349381446838,1053.6376953125,294.60009765625,0.9994325041770935,1113.5843505859375,447.104736328125,0.9991934895515442,1060.104248046875,449.72552490234375,0.9981361627578735,1132.7701416015625,594.22021484375,0.9916328191757202,1076.586669921875,597.3773803710938,0.9853655099868774
71,996.4661865234375,0.0,1167.7298583984375,618.5260009765625,0.906149685382843,0,1,1078.27392578125,34.51879119873047,0.9470342993736267,1091.12353515625,26.07037353515625,0.952386200428009,1073.623779296875,26.171951293945312,0.553372859954834,1122.225830078125,41.3441162109375,0.9248377084732056,1075.9764404296875,41.228851318359375,0.057403113692998886,1140.95849609375,100.33853149414062,0.9975165128707886,1062.278564453125,107.48599243164062,0.9867890477180481,1095.0882568359375,127.47030639648438,0.9949748516082764,1010.1593627929688,153.5485382080078,0.9193944334983826,1062.9122314453125,47.42230224609375,0.989165723323822,1030.413330078125,67.12895965576172,0.9096498489379883,1111.0919189453125,291.6129150390625,0.9994097948074341,1054.599609375,294.239013671875,0.9987934827804565,1117.48779296875,446.56768798828125,0.9982976317405701,1057.9713134765625,448.90875244140625,0.9963340759277344,1136.847900390625,596.267822265625,0.9851706624031067,1078.25830078125,597.5213012695312,0.9748783707618713
72,996.76171875,0.0,1167.6405029296875,618.0617065429688,0.9057372808456421,0,1,1078.2437744140625,33.9920654296875,0.9492148160934448,1091.1290283203125,25.61583709716797,0.954447329044342,1073.5902099609375,25.689422607421875,0.565153181552887,1122.100830078125,41.055084228515625,0.9269622564315796,1075.8267822265625,40.86470031738281,0.05967818200588226,1140.859130859375,99.8514175415039,0.9975984692573547,1062.139404296875,107.08175659179688,0.9871543645858765,1095.745849609375,127.04706573486328,0.9951049089431763,1010.5557861328125,153.33468627929688,0.9207314252853394,1063.090087890625,47.87928771972656,0.9894140958786011,1030.697998046875,66.89433288574219,0.9110393524169922,1111.6478271484375,290.7821960449219,0.9994055032730103,1055.1617431640625,293.3585205078125,0.9987805485725403,1116.875732421875,446.18572998046875,0.9982514977455139,1057.5513916015625,448.21771240234375,0.9962045550346375,1136.3525390625,596.0322265625,0.98450767993927,1077.9244384765625,596.4935302734375,0.9736064672470093
73,996.2905883789062,0.0,1167.6201171875,618.285888671875,0.9065595865249634,0,1,1078.4888916015625,33.955604553222656,0.948492705821991,1091.5150146484375,25.560928344726562,0.9530109167098999,1073.85498046875,25.510574340820312,0.5664414167404175,1122.4381103515625,40.931488037109375,0.9235222935676575,1075.88916015625,40.403228759765625,0.060522377490997314,1140.5404052734375,99.79850769042969,0.9975020289421082,1061.729736328125,106.70663452148438,0.9870781898498535,1095.378173828125,127.98846435546875,0.9948117733001709,1010.2582397460938,153.23443603515625,0.9203652143478394,1064.0206298828125,49.28938293457031,0.9888489246368408,1031.4244384765625,65.72200012207031,0.9100129008293152,1111.41552734375,291.46966552734375,0.9994034767150879,1054.86962890625,294.0945129394531,0.9987965822219849,1116.455322265625,446.814697265625,0.9982815980911255,1057.3223876953125,449.16558837890625,0.9963403940200806,1135.8818359375,596.6654663085938,0.9850740432739258,1077.6419677734375,597.6129150390625,0.9749028086662292
74,996.3612670898438,0.0,1167.413330078125,617.7373046875,0.9059489369392395,0,1,1078.34228515625,34.183799743652344,0.9444389939308167,1091.502197265625,25.75170135498047,0.9497223496437073,1073.67724609375,25.589584350585938,0.5472949743270874,1122.612548828125,41.055084228515625,0.9196762442588806,1075.5489501953125,40.25358581542969,0.05707905814051628,1140.448486328125,99.77263641357422,0.9973082542419434,1061.288330078125,106.70276641845703,0.9858850240707397,1095.818359375,127.98950958251953,0.9946241974830627,1010.0934448242188,153.55233764648438,0.9155031442642212,1064.711181640625,49.657562255859375,0.9885291457176208,1031.3089599609375,66.74796295166016,0.9056441783905029,1111.2625732421875,291.79351806640625,0.9993701577186584,1054.5328369140625,294.609619140625,0.9987164735794067,1116.495361328125,446.529052734375,0.998204231262207,1057.576416015625,449.7518310546875,0.9961366057395935,1136.1552734375,596.4479370117188,0.9846225380897522,1078.183349609375,598.86669921875,0.9739310145378113
75,996.516357421875,0.0,1167.1959228515625,617.4786987304688,0.9065006971359253,0,1,1078.1661376953125,33.557098388671875,0.9426820278167725,1091.4989013671875,25.22003173828125,0.9480175375938416,1073.55615234375,24.930221557617188,0.5396482944488525,1122.7271728515625,41.07197570800781,0.9174932837486267,1075.43017578125,39.924407958984375,0.055686138570308685,1140.0711669921875,100.32977294921875,0.9971898198127747,1060.988037109375,106.98101806640625,0.9853991270065308,1095.520263671875,127.75267028808594,0.9944755434989929,1010.0555419921875,152.7891082763672,0.9144107103347778,1064.7318115234375,49.16917419433594,0.9883232712745667,1031.1578369140625,64.98989868164062,0.9048606157302856,1110.537109375,293.045166015625,0.999351441860199,1053.712890625,295.7783508300781,0.9986849427223206,1116.367431640625,447.9831848144531,0.9981423616409302,1056.9371337890625,451.345458984375,0.9960327744483948,1136.04638671875,597.7462768554688,0.9841744303703308,1076.383544921875,600.375244140625,0.9733230471611023
76,996.6029663085938,0.0,1167.168701171875,617.11181640625,0.9069226980209351,0,1,1077.85009765625,33.51402282714844,0.9386041164398193,1091.1785888671875,25.17139434814453,0.9443122148513794,1073.2744140625,24.93555450439453,0.5201234221458435,1122.6396484375,41.09257507324219,0.9140127301216125,1075.366455078125,40.06196594238281,0.05240313336253166,1140.0892333984375,100.23277282714844,0.996996283531189,1061.0977783203125,106.97233581542969,0.9847509860992432,1095.4232177734375,127.88614654541016,0.9942715167999268,1010.2967529296875,152.8386993408203,0.9141501188278198,1065.094970703125,49.43202209472656,0.9880731701850891,1031.3984375,64.78511810302734,0.905102550983429,1110.373046875,292.866943359375,0.9993337988853455,1053.60009765625,295.648193359375,0.998666524887085,1116.46630859375,447.57244873046875,0.9981129169464111,1057.1397705078125,451.0366516113281,0.9960350394248962,1136.162353515625,597.337890625,0.9840391278266907,1076.600830078125,600.1005859375,0.9734545350074768
77,996.6773071289062,0.0,1167.125732421875,617.1485595703125,0.9075032472610474,0,1,1077.859375,32.87713623046875,0.9434926509857178,1091.2276611328125,24.67412567138672,0.9481600522994995,1073.2366943359375,24.359619140625,0.5455999970436096,1122.37744140625,41.08612060546875,0.9172652363777161,1075.086669921875,39.87103271484375,0.057172007858753204,1139.525634765625,100.68783569335938,0.9971684813499451,1060.47412109375,107.37672424316406,0.9857283234596252,1094.777099609375,127.25708770751953,0.9943878054618835,1009.9544677734375,152.61294555664062,0.9168661236763,1064.2071533203125,47.861915588378906,0.9882146120071411,1031.1732177734375,64.5359115600586,0.9072232246398926,1109.9727783203125,293.1636047363281,0.9993358254432678,1053.091064453125,296.00286865234375,0.9986762404441833,1116.810302734375,447.70391845703125,0.9980804920196533,1057.214111328125,451.4491882324219,0.9959915280342102,1135.857177734375,597.482177734375,0.9836204051971436,1076.00732421875,600.79248046875,0.9728570580482483
78,996.6806030273438,0.0,1167.126953125,616.7891845703125,0.907437264919281,0,1,1078.131103515625,32.65571594238281,0.9438821077346802,1091.468994140625,24.418991088867188,0.9477686882019043,1073.3455810546875,24.106887817382812,0.55478435754776,1122.276123046875,40.64762878417969,0.9153183698654175,1074.6754150390625,39.46595764160156,0.06056961044669151,1139.3662109375,100.34635925292969,0.9971785545349121,1059.575439453125,106.988037109375,0.9859857559204102,1094.7685546875,126.94996643066406,0.9942743182182312,1009.7471923828125,152.13201904296875,0.9173192977905273,1063.914306640625,47.38856506347656,0.9879014492034912,1031.809326171875,64.44600677490234,0.9067860841751099,1109.889892578125,292.2369689941406,0.9993391633033752,1052.4423828125,295.16900634765625,0.998691976070404,1117.211669921875,445.7577209472656,0.9981204867362976,1057.240966796875,449.80816650390625,0.996112048625946,1135.9996337890625,595.5435180664062,0.9841947555541992,1075.6680908203125,599.478271484375,0.973937451839447
79,996.6036376953125,0.0,1167.1953125,616.8494873046875,0.9082051515579224,0,1,1078.2557373046875,32.46171569824219,0.9414110779762268,1091.7425537109375,24.17926025390625,0.9451255202293396,1073.3621826171875,23.775489807128906,0.5474918484687805,1122.5772705078125,40.406455993652344,0.9104502201080322,1074.4239501953125,38.980064392089844,0.059892453253269196,1139.052001953125,100.08313751220703,0.9970089793205261,1059.4649658203125,106.453125,0.9851722717285156,1094.4010009765625,127.35536193847656,0.9940537810325623,1009.802978515625,152.40817260742188,0.9147480130195618,1064.25146484375,47.51129150390625,0.9875423312187195,1032.0498046875,64.46475219726562,0.9046465158462524,1109.752197265625,292.7261657714844,0.9993106126785278,1052.4779052734375,295.54290771484375,0.9986341595649719,1117.329833984375,447.2751159667969,0.9980403780937195,1058.079833984375,450.83892822265625,0.995944082736969,1135.858642578125,597.077880859375,0.9835960865020752,1076.36865234375,600.1696166992188,0.9729552268981934
80,996.626220703125,0.0,1167.1431884765625,616.68408203125,0.9084959030151367,0,2,1078.120849609375,32.679840087890625,0.9441009759902954,1091.558837890625,24.3709716796875,0.9474110007286072,1073.275146484375,24.004074096679688,0.5598673820495605,1122.3883056640625,40.374755859375,0.9129114151000977,1074.44140625,39.066261291503906,0.06135009229183197,1139.039306640625,99.88766479492188,0.9970470070838928,1059.6134033203125,106.33724975585938,0.9857355952262878,1094.6142578125,127.7127685546875,0.9939320683479309,1010.1689453125,152.811767578125,0.9164575338363647,1064.073486328125,47.73152160644531,0.9872756600379944,1031.8955078125,64.8438949584961,0.9055617451667786,1109.6895751953125,292.62255859375,0.9993046522140503,1052.50390625,295.3548889160156,0.9986427426338196,1117.2625732421875,447.62786865234375,0.9980131387710571,1057.909912109375,450.84930419921875,0.9959593415260315,1135.577880859375,597.65869140625,0.983391523361206,1075.80810546875,600.2242431640625,0.9730019569396973
81,996.6458129882812,0.0,1166.95556640625,616.4586791992188,0.9088813066482544,0,2,1078.529296875,32.704193115234375,0.9437573552131653,1091.9339599609375,24.321189880371094,0.9459370970726013,1073.283203125,24.09679412841797,0.568595826625824,1122.358154296875,40.38285827636719,0.908132016658783,1073.7152099609375,39.470787048339844,0.06575024873018265,1138.9273681640625,100.16497802734375,0.9970068335533142,1059.14990234375,107.19993591308594,0.9858533143997192,1094.588623046875,126.25665283203125,0.9938614368438721,1009.9873046875,152.52342224121094,0.9185900092124939,1063.7265625,46.45623779296875,0.9872366189956665,1031.1046142578125,64.79129791259766,0.9080959558486938,1109.96875,292.936279296875,0.9993000030517578,1052.5333251953125,295.87542724609375,0.9986492991447449,1117.43115234375,448.0009460449219,0.9979832172393799,1058.645263671875,451.3074645996094,0.9959456324577332,1135.102294921875,597.2994384765625,0.9830984473228455,1075.25146484375,599.8734130859375,0.9727139472961426
82,996.226806640625,0.0,1167.042236328125,616.238525390625,0.9069262742996216,0,2,1078.387939453125,32.58837890625,0.937263011932373,1091.7510986328125,24.211669921875,0.9396847486495972,1073.14599609375,24.079627990722656,0.5390706062316895,1122.349609375,40.434173583984375,0.9018775820732117,1073.7059326171875,39.73841857910156,0.06072365120053291,1139.245361328125,100.33050537109375,0.9967644214630127,1058.965087890625,107.50297546386719,0.9849456548690796,1094.810791015625,126.50123596191406,0.9936694502830505,1009.3177490234375,152.80712890625,0.9177924394607544,1064.1239013671875,47.23436737060547,0.9870431423187256,1030.9677734375,65.56736755371094,0.9079746603965759,1109.697998046875,293.05609130859375,0.999294638633728,1051.936279296875,296.0759582519531,0.9986513257026672,1117.48193359375,447.4356994628906,0.9980119466781616,1058.1270751953125,450.953125,0.9960482716560364,1134.979736328125,596.6754150390625,0.9835479855537415,1074.83740234375,599.6024169921875,0.9736731648445129
83,995.8538818359375,0.0,1167.0029296875,615.9765625,0.9067003726959229,0,2,1078.669921875,32.828521728515625,0.9353048801422119,1092.037109375,24.343231201171875,0.9373131990432739,1073.4012451171875,24.236709594726562,0.531807541847229,1122.65380859375,40.39471435546875,0.8983684778213501,1073.9503173828125,39.76801300048828,0.05960064008831978,1139.43505859375,100.30757141113281,0.9966310858726501,1059.338134765625,107.63978576660156,0.9847415089607239,1095.24853515625,126.36468505859375,0.9936324954032898,1009.2197265625,152.9380340576172,0.9202732443809509,1064.6533203125,47.14423370361328,0.9872174859046936,1030.9451904296875,65.38570404052734,0.911493718624115,1109.7783203125,293.49951171875,0.9992751479148865,1052.18017578125,296.5670471191406,0.9986345171928406,1117.49267578125,448.0939636230469,0.9979276657104492,1057.9779052734375,451.6282653808594,0.995941698551178,1134.988525390625,597.4535522460938,0.9826158285140991,1074.860595703125,600.4088134765625,0.972502589225769
84,996.0752563476562,0.0,1166.907958984375,615.7853393554688,0.9058853387832642,0,2,1078.4024658203125,32.676544189453125,0.9389358758926392,1091.7255859375,24.289627075195312,0.9417718648910522,1073.1971435546875,24.20892333984375,0.5435102581977844,1122.35546875,40.60185241699219,0.9046840667724609,1073.948486328125,40.015480041503906,0.060573969036340714,1139.46142578125,100.60305786132812,0.9967569708824158,1059.448974609375,107.8699951171875,0.9849084615707397,1095.079345703125,125.92684936523438,0.9937458038330078,1009.3829956054688,152.37033081054688,0.9182431101799011,1064.175048828125,46.802490234375,0.9873107671737671,1031.059326171875,65.45922088623047,0.9093300700187683,1110.2764892578125,293.3011474609375,0.9992542862892151,1052.7373046875,296.3265380859375,0.9985733032226562,1117.7427978515625,447.64166259765625,0.99784255027771,1057.50244140625,451.1900634765625,0.9956985712051392,1134.8948974609375,597.1925048828125,0.9818467497825623,1075.346435546875,600.2071533203125,0.970923125743866
85,996.03564453125,0.0,1167.02880859375,615.7650756835938,0.9060253500938416,0,2,1078.558349609375,32.66606140136719,0.940601646900177,1091.8365478515625,24.231857299804688,0.9434626698493958,1073.4317626953125,24.108078002929688,0.549262523651123,1122.4029541015625,40.39984130859375,0.906792402267456,1074.29833984375,39.690765380859375,0.061674803495407104,1139.57568359375,100.4417495727539,0.9968780279159546,1059.677734375,107.60504150390625,0.9851964712142944,1095.73681640625,126.27166748046875,0.9940359592437744,1009.352294921875,152.25955200195312,0.9197818040847778,1064.4656982421875,47.23329162597656,0.9878491163253784,1031.0784912109375,64.25550842285156,0.911259651184082,1110.257568359375,293.2685241699219,0.9992550015449524,1052.7930908203125,296.23797607421875,0.9985604882240295,1117.9769287109375,447.6478271484375,0.9977867603302002,1057.4779052734375,451.1204833984375,0.9955328702926636,1134.7100830078125,597.4452514648438,0.9809576272964478,1074.442626953125,600.2453002929688,0.9692140817642212
86,995.969970703125,0.0,1167.13427734375,616.0096435546875,0.9064497947692871,0,2,1078.6304931640625,32.094635009765625,0.938199520111084,1092.028564453125,23.80199432373047,0.9405151605606079,1073.5323486328125,23.575881958007812,0.5419068336486816,1122.597900390625,40.45868682861328,0.9031147956848145,1074.2890625,39.462066650390625,0.06167767569422722,1139.5367431640625,100.59091186523438,0.9968072175979614,1059.1956787109375,107.48709106445312,0.9853386878967285,1095.9854736328125,127.24528503417969,0.9939411878585815,1009.3203735351562,152.522216796875,0.9222357869148254,1065.0418701171875,49.179176330566406,0.9877492785453796,1030.767578125,64.938720703125,0.9135918021202087,1110.60107421875,292.75115966796875,0.9992710947990417,1052.8515625,295.715576171875,0.9986162185668945,1118.36474609375,447.03955078125,0.9978531002998352,1058.122314453125,450.66998291015625,0.9957525730133057,1134.6529541015625,596.4578247070312,0.9815795421600342,1074.3214111328125,599.4588623046875,0.9706534147262573
87,995.7791748046875,0.0,1167.1318359375,616.1578369140625,0.9061882495880127,0,2,1078.5594482421875,32.35249328613281,0.939024031162262,1091.988525390625,24.028289794921875,0.9422491788864136,1073.6265869140625,23.718841552734375,0.5412133932113647,1122.6842041015625,40.50640869140625,0.9066112041473389,1074.61181640625,39.286285400390625,0.06079143285751343,1139.6932373046875,100.51142120361328,0.9968762397766113,1059.244140625,107.34190368652344,0.985260009765625,1096.26611328125,126.96159362792969,0.9941390752792358,1009.24658203125,152.57901000976562,0.9212761521339417,1064.797119140625,49.30421447753906,0.9880899786949158,1030.962646484375,65.13185119628906,0.9129948616027832,1110.8187255859375,292.48944091796875,0.9992626309394836,1053.048828125,295.3812255859375,0.9985784292221069,1118.13916015625,447.1583251953125,0.997794508934021,1058.0272216796875,450.52618408203125,0.9955511093139648,1134.5184326171875,597.5213623046875,0.9807764887809753,1074.6358642578125,600.0316772460938,0.9689633250236511
88,995.634033203125,0.0,1167.072021484375,616.204345703125,0.90720134973526,0,2,1078.470703125,32.28575134277344,0.9394211173057556,1091.837158203125,23.963836669921875,0.9427425265312195,1073.6190185546875,23.703140258789062,0.5415186285972595,1122.531005859375,40.42387390136719,0.9079034328460693,1074.802490234375,39.31581115722656,0.06059548258781433,1139.734619140625,100.59235382080078,0.9968895316123962,1059.266845703125,107.41224670410156,0.9854157567024231,1096.08544921875,126.71029663085938,0.9941348433494568,1008.6307373046875,152.6234588623047,0.9219179749488831,1064.7650146484375,48.85883331298828,0.9880868196487427,1030.397216796875,65.85273742675781,0.9135735630989075,1110.99560546875,292.3927917480469,0.9992594122886658,1053.24169921875,295.2099304199219,0.9985780715942383,1118.5272216796875,447.4005126953125,0.9977700710296631,1058.4302978515625,450.23468017578125,0.9955220222473145,1134.77294921875,597.46142578125,0.9804993271827698,1074.89501953125,599.1712646484375,0.9686650037765503
89,995.5653076171875,0.0,1167.0126953125,616.3924560546875,0.9068953394889832,0,2,1078.2822265625,32.21690368652344,0.9409250020980835,1091.70068359375,23.846511840820312,0.9438917636871338,1073.4124755859375,23.56720733642578,0.5493124723434448,1122.463134765625,40.294029235839844,0.9079692363739014,1074.59423828125,39.128997802734375,0.06138426065444946,1139.49609375,100.42298889160156,0.9968581199645996,1059.3416748046875,107.39897918701172,0.9854835867881775,1096.5166015625,126.81438446044922,0.9939666986465454,1008.4799194335938,152.7559814453125,0.9214975833892822,1065.7674560546875,49.73352813720703,0.9878225922584534,1030.4482421875,65.60389709472656,0.9131425619125366,1111.1380615234375,292.26715087890625,0.9992484450340271,1053.688720703125,295.22991943359375,0.9985669255256653,1118.35302734375,446.99432373046875,0.997769832611084,1058.501220703125,450.2553405761719,0.9955572485923767,1134.521240234375,597.2550659179688,0.980736255645752,1074.752685546875,599.5096435546875,0.969223141670227
90,995.1901245117188,0.0,1167.074462890625,616.33447265625,0.908536970615387,0,2,1078.346923828125,32.17817687988281,0.9397109746932983,1091.838623046875,23.984619140625,0.9427466988563538,1073.653564453125,23.607078552246094,0.5417928099632263,1122.5880126953125,40.85771942138672,0.9074141383171082,1074.996826171875,39.404754638671875,0.0603783056139946,1139.4189453125,101.01167297363281,0.9969032406806946,1059.22021484375,107.69872283935547,0.9855629205703735,1096.262451171875,126.82024383544922,0.9941555261611938,1007.955322265625,153.15798950195312,0.9227949976921082,1065.414794921875,49.17462158203125,0.98821622133255,1030.0877685546875,66.85148620605469,0.9149656295776367,1111.6529541015625,292.86566162109375,0.9992741942405701,1054.203369140625,295.6657409667969,0.9986112117767334,1118.9285888671875,447.89190673828125,0.9978320002555847,1059.050537109375,450.4897155761719,0.9956587553024292,1134.68994140625,597.822021484375,0.9810762405395508,1075.455810546875,598.9917602539062,0.9696849584579468
