video_id,frame_idx,source_file,label,label_name,has_person,valid_joint_count,joint_0_name,joint_0_x,joint_0_y,joint_0_c,joint_1_name,joint_1_x,joint_1_y,joint_1_c,joint_2_name,joint_2_x,joint_2_y,joint_2_c,joint_3_name,joint_3_x,joint_3_y,joint_3_c,joint_4_name,joint_4_x,joint_4_y,joint_4_c,joint_5_name,joint_5_x,joint_5_y,joint_5_c,joint_6_name,joint_6_x,joint_6_y,joint_6_c,joint_7_name,joint_7_x,joint_7_y,joint_7_c,joint_8_name,joint_8_x,joint_8_y,joint_8_c,joint_9_name,joint_9_x,joint_9_y,joint_9_c,joint_10_name,joint_10_x,joint_10_y,joint_10_c,joint_11_name,joint_11_x,joint_11_y,joint_11_c,joint_12_name,joint_12_x,joint_12_y,joint_12_c,joint_13_name,joint_13_x,joint_13_y,joint_13_c,joint_14_name,joint_14_x,joint_14_y,joint_14_c
Fall__Fall_f_raw_b_4_B_M_10,0,C:\Users\ASUS\Downloads\3D_Human_Pose_NCKH\paper_baselines\lin2021_yolov8_lstm_gru\data\raw_yolov8_keypoints\Fall\Fall_Fall_f_raw_b_4_B_M_10.csv,1,Fall,1,15,nose,90.64195251464844,58.407325744628906,0.00012629898265004158,neck,87.10414123535156,15.482711791992188,0.016642272472381592,right_shoulder,0.0,21.08074951171875,0.003075043670833111,right_elbow,12.73992919921875,71.34294891357422,0.04799926280975342,right_wrist,24.963930130004883,161.03077697753906,0.1292904168367386,left_shoulder,174.20828247070312,9.884674072265625,0.030209500342607498,left_elbow,193.7025146484375,36.78680419921875,0.5130565762519836,left_wrist,222.63385009765625,143.33424377441406,0.5947862267494202,mid_hip,93.10736846923828,179.83493041992188,0.82965087890625,right_hip,21.818675994873047,184.73687744140625,0.7491160035133362,right_knee,33.403831481933594,413.4747619628906,0.8467773199081421,right_ankle,67.73484802246094,617.1351928710938,0.8607993721961975,left_hip,164.39605712890625,174.93296813964844,0.9101857542991638,left_knee,212.28741455078125,403.57818603515625,0.9476435780525208,left_ankle,225.66461181640625,609.4288330078125,0.9293404817581177
Fall__Fall_f_raw_b_4_B_M_10,1,C:\Users\ASUS\Downloads\3D_Human_Pose_NCKH\paper_baselines\lin2021_yolov8_lstm_gru\data\raw_yolov8_keypoints\Fall\Fall_Fall_f_raw_b_4_B_M_10.csv,1,Fall,1,15,nose,72.74064636230469,32.45068359375,0.00022386352065950632,neck,80.0267562866211,7.819324493408203,0.024103377014398575,right_shoulder,0.0,15.638648986816406,0.004435453563928604,right_elbow,9.449569702148438,74.28137969970703,0.05366426333785057,right_wrist,18.73703956604004,167.499755859375,0.1349954605102539,left_shoulder,160.0535125732422,0.0,0.043771300464868546,left_elbow,185.69015502929688,31.549232482910156,0.5433188080787659,left_wrist,216.58502197265625,143.50462341308594,0.606779158115387,mid_hip,91.94216918945312,185.00608825683594,0.8285627365112305,right_hip,22.265304565429688,190.79556274414062,0.7479950785636902,right_knee,30.31322479248047,414.1781005859375,0.8321196436882019,right_ankle,67.70066833496094,617.0635986328125,0.8412268161773682,left_hip,161.61903381347656,179.2166290283203,0.9091303944587708,left_knee,209.26565551757812,402.8746032714844,0.941542387008667,left_ankle,225.7500457763672,607.8121337890625,0.9179669618606567
Fall__Fall_f_raw_b_4_B_M_10,2,C:\Users\ASUS\Downloads\3D_Human_Pose_NCKH\paper_baselines\lin2021_yolov8_lstm_gru\data\raw_yolov8_keypoints\Fall\Fall_Fall_f_raw_b_4_B_M_10.csv,1,Fall,1,15,nose,82.4214859008789,43.527740478515625,0.00013452452549245209,neck,84.04812622070312,11.988487243652344,0.01590592972934246,right_shoulder,0.0,19.485145568847656,0.0034152953885495663,right_elbow,11.095161437988281,74.18302917480469,0.051164932548999786,right_wrist,22.27726936340332,167.51651000976562,0.13210703432559967,left_shoulder,168.09625244140625,4.491828918457031,0.028396565467119217,left_elbow,187.790283203125,32.01251220703125,0.4696997404098511,left_wrist,211.65847778320312,146.04714965820312,0.5548372268676758,mid_hip,93.09956359863281,183.25613403320312,0.8208999037742615,right_hip,22.075939178466797,188.84976196289062,0.7427040934562683,right_knee,31.819639205932617,414.16888427734375,0.8393777012825012,right_ankle,67.588623046875,616.6851806640625,0.8544361591339111,left_hip,164.12318420410156,177.66250610351562,0.8990957140922546,left_knee,209.04312133789062,402.5071105957031,0.9398005604743958,left_ankle,224.8766326904297,607.18212890625,0.9218214154243469
Fall__Fall_f_raw_b_4_B_M_10,3,C:\Users\ASUS\Downloads\3D_Human_Pose_NCKH\paper_baselines\lin2021_yolov8_lstm_gru\data\raw_yolov8_keypoints\Fall\Fall_Fall_f_raw_b_4_B_M_10.csv,1,Fall,1,15,nose,75.2664566040039,31.288673400878906,0.00017438313807360828,neck,81.33491516113281,10.26708984375,0.017478017136454582,right_shoulder,0.0,18.96576690673828,0.0041383677162230015,right_elbow,8.425947189331055,79.52027893066406,0.05492597818374634,right_wrist,14.945383071899414,174.021728515625,0.1350662261247635,left_shoulder,162.66983032226562,1.5684127807617188,0.0308176651597023,left_elbow,185.7948760986328,34.16132354736328,0.4498422145843506,left_wrist,208.1008758544922,151.09912109375,0.5315976738929749,mid_hip,91.56172180175781,185.54833984375,0.8127462863922119,right_hip,21.33819580078125,191.7783966064453,0.7356575727462769,right_knee,31.384225845336914,415.364501953125,0.8335139155387878,right_ankle,69.17650604248047,621.2384033203125,0.8460838198661804,left_hip,161.78524780273438,179.31826782226562,0.889835000038147,left_knee,207.7416229248047,400.38739013671875,0.9335827827453613,left_ankle,224.928955078125,607.0087890625,0.9141783118247986
Fall__Fall_f_raw_b_4_B_M_10,4,C:\Users\ASUS\Downloads\3D_Human_Pose_NCKH\paper_baselines\lin2021_yolov8_lstm_gru\data\raw_yolov8_keypoints\Fall\Fall_Fall_f_raw_b_4_B_M_10.csv,1,Fall,1,15,nose,78.51898193359375,30.01080322265625,0.00016736971156205982,neck,81.36137390136719,11.195194244384766,0.018661776557564735,right_shoulder,0.0,19.056976318359375,0.004744916222989559,right_elbow,5.982204437255859,83.53118133544922,0.0648578554391861,right_wrist,11.334199905395508,182.0562286376953,0.15450702607631683,left_shoulder,162.72274780273438,3.3334121704101562,0.03257863596081734,left_elbow,188.9307403564453,39.99964141845703,0.46974992752075195,left_wrist,207.45973205566406,153.99789428710938,0.5521748065948486,mid_hip,93.59156036376953,190.8179931640625,0.8361585140228271,right_hip,24.124345779418945,196.70437622070312,0.7693459391593933,right_knee,32.867393493652344,417.09979248046875,0.8483098745346069,right_ankle,68.20391082763672,621.0125732421875,0.8559461832046509,left_hip,163.05877685546875,184.93161010742188,0.902971088886261,left_knee,206.47219848632812,402.9489440917969,0.9381887316703796,left_ankle,224.8404541015625,605.2777099609375,0.9185715913772583
Fall__Fall_f_raw_b_4_B_M_10,5,C:\Users\ASUS\Downloads\3D_Human_Pose_NCKH\paper_baselines\lin2021_yolov8_lstm_gru\data\raw_yolov8_keypoints\Fall\Fall_Fall_f_raw_b_4_B_M_10.csv,1,Fall,1,15,nose,82.9210205078125,37.83155822753906,0.00013749826757702976,neck,82.11268615722656,13.095657348632812,0.015969466418027878,right_shoulder,0.0,20.76537322998047,0.0035437610931694508,right_elbow,8.140417098999023,81.3486099243164,0.05153413116931915,right_wrist,16.22860336303711,178.91285705566406,0.1321125328540802,left_shoulder,164.22537231445312,5.425941467285156,0.028395172208547592,left_elbow,184.46981811523438,37.67262268066406,0.4618358016014099,left_wrist,206.04812622070312,151.40585327148438,0.5467914342880249,mid_hip,92.80264282226562,185.83192443847656,0.8172572255134583,right_hip,22.758922576904297,191.70803833007812,0.7388494610786438,right_knee,31.505029678344727,414.42498779296875,0.8371008038520813,right_ankle,67.50668334960938,618.2028198242188,0.8527310490608215,left_hip,162.8463592529297,179.955810546875,0.8956650495529175,left_knee,206.74691772460938,400.89422607421875,0.938107430934906,left_ankle,225.12188720703125,605.9370727539062,0.92048579454422
Fall__Fall_f_raw_b_4_B_M_10,6,C:\Users\ASUS\Downloads\3D_Human_Pose_NCKH\paper_baselines\lin2021_yolov8_lstm_gru\data\raw_yolov8_keypoints\Fall\Fall_Fall_f_raw_b_4_B_M_10.csv,1,Fall,1,15,nose,85.9945068359375,40.43632507324219,0.00015230696590151638,neck,82.50253295898438,12.77475357055664,0.01731705293059349,right_shoulder,0.0,20.165817260742188,0.004000215791165829,right_elbow,10.765697479248047,77.83657836914062,0.057001784443855286,right_wrist,20.402727127075195,176.47933959960938,0.14286856353282928,left_shoulder,165.00506591796875,5.383689880371094,0.030633889138698578,left_elbow,187.68426513671875,36.523109436035156,0.47320690751075745,left_wrist,209.7861785888672,152.4588623046875,0.5580902099609375,mid_hip,94.97801208496094,187.24032592773438,0.8280380368232727,right_hip,26.16236686706543,193.0115966796875,0.754893958568573,right_knee,33.01707458496094,413.81317138671875,0.8453430533409119,right_ankle,67.84452819824219,618.7816772460938,0.8581807017326355,left_hip,163.7936553955078,181.46905517578125,0.9011821150779724,left_knee,205.46315002441406,399.69427490234375,0.9403736591339111,left_ankle,223.96853637695312,605.8607177734375,0.9228060841560364
Fall__Fall_f_raw_b_4_B_M_10,7,C:\Users\ASUS\Downloads\3D_Human_Pose_NCKH\paper_baselines\lin2021_yolov8_lstm_gru\data\raw_yolov8_keypoints\Fall\Fall_Fall_f_raw_b_4_B_M_10.csv,1,Fall,1,15,nose,89.12804412841797,50.40978240966797,0.00010706372995628044,neck,84.33345031738281,15.286136627197266,0.013802658766508102,right_shoulder,0.0,22.083297729492188,0.003097713924944401,right_elbow,12.248525619506836,75.60749816894531,0.05086557939648628,right_wrist,25.292449951171875,174.3987579345703,0.13376674056053162,left_shoulder,168.66690063476562,8.488975524902344,0.02450760267674923,left_elbow,189.04934692382812,35.81236267089844,0.45294225215911865,left_wrist,208.20767211914062,152.36526489257812,0.5462572574615479,mid_hip,95.49576568603516,185.39315795898438,0.8212701678276062,right_hip,25.470285415649414,190.7703857421875,0.7446702718734741,right_knee,32.60056686401367,414.3699645996094,0.8413262367248535,right_ankle,68.29898834228516,616.9085693359375,0.8582781553268433,left_hip,165.521240234375,180.01593017578125,0.8978700041770935,left_knee,206.30740356445312,402.7586975097656,0.9396966099739075,left_ankle,224.53981018066406,608.5093994140625,0.9234410524368286
Fall__Fall_f_raw_b_4_B_M_10,8,C:\Users\ASUS\Downloads\3D_Human_Pose_NCKH\paper_baselines\lin2021_yolov8_lstm_gru\data\raw_yolov8_keypoints\Fall\Fall_Fall_f_raw_b_4_B_M_10.csv,1,Fall,1,15,nose,87.8017578125,42.22130584716797,0.00014415165060199797,neck,84.82484436035156,12.037708282470703,0.01671386882662773,right_shoulder,0.0,19.196731567382812,0.0038424141239374876,right_elbow,9.56682014465332,74.65926361083984,0.05711732059717178,right_wrist,23.5275936126709,172.09027099609375,0.14487068355083466,left_shoulder,169.64968872070312,4.878684997558594,0.029585322365164757,left_elbow,189.957763671875,34.339576721191406,0.47547468543052673,left_wrist,211.21380615234375,146.48733520507812,0.5633392333984375,mid_hip,95.51744842529297,185.84609985351562,0.831494152545929,right_hip,25.07160758972168,191.4033966064453,0.7594044804573059,right_knee,33.45891571044922,415.9166259765625,0.8462048172950745,right_ankle,67.70346069335938,616.7959594726562,0.8574970364570618,left_hip,165.96328735351562,180.28878784179688,0.9035837650299072,left_knee,206.5279083251953,402.9892578125,0.9408705234527588,left_ankle,225.96627807617188,607.87890625,0.922307014465332
Fall__Fall_f_raw_b_4_B_M_10,9,C:\Users\ASUS\Downloads\3D_Human_Pose_NCKH\paper_baselines\lin2021_yolov8_lstm_gru\data\raw_yolov8_keypoints\Fall\Fall_Fall_f_raw_b_4_B_M_10.csv,1,Fall,1,15,nose,84.79893493652344,37.28272247314453,0.00013749432400800288,neck,84.77474212646484,12.022212982177734,0.015956759452819824,right_shoulder,0.0,19.601119995117188,0.0036144638434052467,right_elbow,11.812253952026367,77.24942779541016,0.053837064653635025,right_wrist,23.87940788269043,171.6485137939453,0.13756008446216583,left_shoulder,169.5494842529297,4.443305969238281,0.028299055993556976,left_elbow,191.99710083007812,35.626258850097656,0.46328842639923096,left_wrist,210.03231811523438,147.55780029296875,0.5513675212860107,mid_hip,93.66375732421875,183.57945251464844,0.8241934776306152,right_hip,22.113922119140625,189.3321533203125,0.7490885257720947,right_knee,31.867698669433594,415.71673583984375,0.8428698182106018,right_ankle,68.54609680175781,617.27099609375,0.8560327291488647,left_hip,165.21359252929688,177.82675170898438,0.8992984294891357,left_knee,206.45750427246094,401.5191650390625,0.9396179914474487,left_ankle,224.6525115966797,605.9699096679688,0.9216260313987732
Fall__Fall_f_raw_b_4_B_M_10,10,C:\Users\ASUS\Downloads\3D_Human_Pose_NCKH\paper_baselines\lin2021_yolov8_lstm_gru\data\raw_yolov8_keypoints\Fall\Fall_Fall_f_raw_b_4_B_M_10.csv,1,Fall,1,15,nose,82.30543518066406,49.05988311767578,0.00011354869639035314,neck,83.50236511230469,13.60733413696289,0.01546677015721798,right_shoulder,0.0,22.7508544921875,0.0027303083334118128,right_elbow,8.474069595336914,81.18511962890625,0.04281908646225929,right_wrist,19.9061279296875,172.65621948242188,0.11839526891708374,left_shoulder,167.00473022460938,4.463813781738281,0.02820323221385479,left_elbow,192.44332885742188,32.946441650390625,0.4995797872543335,left_wrist,215.88742065429688,142.83587646484375,0.58119797706604,mid_hip,92.80350494384766,181.40518188476562,0.8172401785850525,right_hip,20.947368621826172,187.83807373046875,0.7306491732597351,right_knee,29.893638610839844,413.15142822265625,0.8356990218162537,right_ankle,68.1512451171875,612.6516723632812,0.8567330837249756,left_hip,164.65963745117188,174.9722900390625,0.9038311839103699,left_knee,205.4714813232422,397.7837219238281,0.944787859916687,left_ankle,225.23348999023438,605.8903198242188,0.928345799446106
Fall__Fall_f_raw_b_4_B_M_10,11,C:\Users\ASUS\Downloads\3D_Human_Pose_NCKH\paper_baselines\lin2021_yolov8_lstm_gru\data\raw_yolov8_keypoints\Fall\Fall_Fall_f_raw_b_4_B_M_10.csv,1,Fall,1,15,nose,87.97836303710938,47.70982360839844,0.00011856979108415544,neck,87.93988037109375,14.227970123291016,0.013415934517979622,right_shoulder,0.0,21.262619018554688,0.003358676563948393,right_elbow,13.43020248413086,74.32868957519531,0.05403488874435425,right_wrist,23.350553512573242,167.72483825683594,0.13791677355766296,left_shoulder,175.8797607421875,7.193321228027344,0.023473192006349564,left_elbow,196.31011962890625,33.06053924560547,0.42425110936164856,left_wrist,212.06863403320312,145.50148010253906,0.5219807624816895,mid_hip,95.37459564208984,177.65408325195312,0.8224805593490601,right_hip,22.860912322998047,182.7886505126953,0.7505660653114319,right_knee,32.74549865722656,410.9438781738281,0.8527777194976807,right_ankle,69.01367950439453,617.0194091796875,0.8669935464859009,left_hip,167.88827514648438,172.51953125,0.8943950533866882,left_knee,207.52317810058594,400.6973876953125,0.9405766129493713,left_ankle,223.39041137695312,608.6290893554688,0.9252101182937622
Fall__Fall_f_raw_b_4_B_M_10,12,C:\Users\ASUS\Downloads\3D_Human_Pose_NCKH\paper_baselines\lin2021_yolov8_lstm_gru\data\raw_yolov8_keypoints\Fall\Fall_Fall_f_raw_b_4_B_M_10.csv,1,Fall,1,15,nose,83.64810943603516,40.48157501220703,0.00013942187069915235,neck,85.52583312988281,14.391334533691406,0.015897879377007484,right_shoulder,0.0,22.624786376953125,0.0036843104753643274,right_elbow,10.900554656982422,77.7956771850586,0.05442066118121147,right_wrist,15.791193008422852,172.4481201171875,0.13743513822555542,left_shoulder,171.05166625976562,6.1578826904296875,0.028111450374126434,left_elbow,194.64385986328125,33.88616180419922,0.458036869764328,left_wrist,209.82232666015625,147.33627319335938,0.5465739369392395,mid_hip,93.9977035522461,185.75753784179688,0.8244829773902893,right_hip,23.169994354248047,191.67640686035156,0.7504246234893799,right_knee,34.35907745361328,417.07269287109375,0.8454276323318481,right_ankle,69.8458251953125,619.4933471679688,0.8594213128089905,left_hip,164.82542419433594,179.83868408203125,0.8985413908958435,left_knee,204.82301330566406,400.77520751953125,0.9398004412651062,left_ankle,223.56381225585938,604.2606201171875,0.9229931831359863
Fall__Fall_f_raw_b_4_B_M_10,13,C:\Users\ASUS\Downloads\3D_Human_Pose_NCKH\paper_baselines\lin2021_yolov8_lstm_gru\data\raw_yolov8_keypoints\Fall\Fall_Fall_f_raw_b_4_B_M_10.csv,1,Fall,1,15,nose,85.48698425292969,35.69508361816406,0.00012333881750237197,neck,85.43500518798828,15.45560073852539,0.014542464166879654,right_shoulder,0.0,23.926185607910156,0.0037095011211931705,right_elbow,10.666603088378906,84.23922729492188,0.05684838071465492,right_wrist,21.097103118896484,176.46514892578125,0.14150388538837433,left_shoulder,170.87001037597656,6.985015869140625,0.025375427678227425,left_elbow,192.70436096191406,37.08329772949219,0.4325363337993622,left_wrist,209.49139404296875,152.3882598876953,0.524865448474884,mid_hip,95.44893646240234,186.48728942871094,0.8271392583847046,right_hip,23.92140769958496,192.64556884765625,0.7572087645530701,right_knee,33.63035202026367,417.27020263671875,0.8510726094245911,right_ankle,68.17974090576172,620.8826293945312,0.864730715751648,left_hip,166.97647094726562,180.32899475097656,0.8970696926116943,left_knee,206.76988220214844,401.8596496582031,0.9393942952156067,left_ankle,224.3262176513672,605.2608032226562,0.9238580465316772
Fall__Fall_f_raw_b_4_B_M_10,14,C:\Users\ASUS\Downloads\3D_Human_Pose_NCKH\paper_baselines\lin2021_yolov8_lstm_gru\data\raw_yolov8_keypoints\Fall\Fall_Fall_f_raw_b_4_B_M_10.csv,1,Fall,1,15,nose,86.8045654296875,35.77299499511719,0.002440127544105053,neck,79.42166900634766,15.557613372802734,0.06852246820926666,right_shoulder,0.0,24.75963592529297,0.02642989531159401,right_elbow,12.25400161743164,83.32514190673828,0.13967201113700867,right_wrist,13.867881774902344,159.58607482910156,0.2380644977092743,left_shoulder,158.8433380126953,6.3555908203125,0.11061504483222961,left_elbow,185.9091033935547,38.55084228515625,0.5106979608535767,left_wrist,209.17584228515625,143.12020874023438,0.5569909811019897,mid_hip,100.4316635131836,183.13690185546875,0.8356298804283142,right_hip,35.7370491027832,189.60540771484375,0.7848135232925415,right_knee,34.42129898071289,420.5854797363281,0.8425922989845276,right_ankle,78.24964141845703,616.736328125,0.8222413063049316,left_hip,165.12628173828125,176.66839599609375,0.8864462971687317,left_knee,207.7274169921875,405.68170166015625,0.9218399524688721,left_ankle,227.16299438476562,602.7700805664062,0.8885412812232971
Fall__Fall_f_raw_b_4_B_M_10,15,C:\Users\ASUS\Downloads\3D_Human_Pose_NCKH\paper_baselines\lin2021_yolov8_lstm_gru\data\raw_yolov8_keypoints\Fall\Fall_Fall_f_raw_b_4_B_M_10.csv,1,Fall,1,15,nose,89.19575500488281,28.31513214111328,0.002768947510048747,neck,80.73262786865234,13.391658782958984,0.0740516185760498,right_shoulder,0.0,21.608367919921875,0.028610363602638245,right_elbow,12.913810729980469,81.30814361572266,0.14443619549274445,right_wrist,13.895198822021484,159.73025512695312,0.2444067895412445,left_shoulder,161.4652557373047,5.174949645996094,0.11949287354946136,left_elbow,188.57058715820312,39.675086975097656,0.5230138301849365,left_wrist,210.2081298828125,144.24549865722656,0.5692952871322632,mid_hip,100.59466552734375,182.4998321533203,0.8438267707824707,right_hip,36.286216735839844,188.66030883789062,0.7950801849365234,right_knee,35.72113037109375,419.92376708984375,0.8552653789520264,right_ankle,77.25662231445312,623.880126953125,0.8346792459487915,left_hip,164.9031219482422,176.33935546875,0.892573356628418,left_knee,206.14395141601562,403.9118957519531,0.9284847378730774,left_ankle,228.1988067626953,604.0132446289062,0.8970109820365906
Fall__Fall_f_raw_b_4_B_M_10,16,C:\Users\ASUS\Downloads\3D_Human_Pose_NCKH\paper_baselines\lin2021_yolov8_lstm_gru\data\raw_yolov8_keypoints\Fall\Fall_Fall_f_raw_b_4_B_M_10.csv,1,Fall,1,15,nose,79.76058959960938,21.985519409179688,0.00021475827088579535,neck,85.5547103881836,10.006908416748047,0.02059226669371128,right_shoulder,0.0,17.684165954589844,0.005159204825758934,right_elbow,10.429183959960938,78.00853729248047,0.0656825453042984,right_wrist,19.74649429321289,171.88023376464844,0.1571764498949051,left_shoulder,171.1094207763672,2.32965087890625,0.03602532669901848,left_elbow,196.2894744873047,35.015602111816406,0.47767215967178345,left_wrist,211.3784637451172,147.64837646484375,0.5628021955490112,mid_hip,95.76300048828125,183.98533630371094,0.8380821347236633,right_hip,24.54587745666504,189.72576904296875,0.7717737555503845,right_knee,36.27091598510742,418.4187927246094,0.8536105751991272,right_ankle,67.06712341308594,623.6376342773438,0.8582217693328857,left_hip,166.98013305664062,178.24488830566406,0.9043905138969421,left_knee,204.32955932617188,403.2865905761719,0.940200686454773,left_ankle,225.44345092773438,603.635986328125,0.919522225856781
Fall__Fall_f_raw_b_4_B_M_10,17,C:\Users\ASUS\Downloads\3D_Human_Pose_NCKH\paper_baselines\lin2021_yolov8_lstm_gru\data\raw_yolov8_keypoints\Fall\Fall_Fall_f_raw_b_4_B_M_10.csv,1,Fall,1,15,nose,82.98021697998047,25.037315368652344,0.00019652620540000498,neck,85.38763427734375,8.084712982177734,0.021573591977357864,right_shoulder,0.0,15.427780151367188,0.005020564422011375,right_elbow,8.565793991088867,77.2990951538086,0.06557750701904297,right_wrist,19.340377807617188,172.49240112304688,0.15811477601528168,left_shoulder,170.7752685546875,0.7416458129882812,0.038126617670059204,left_elbow,196.94810485839844,35.558876037597656,0.5091733336448669,left_wrist,212.1998291015625,148.0589599609375,0.5878934264183044,mid_hip,94.56710052490234,185.89248657226562,0.8471602201461792,right_hip,23.259716033935547,191.42648315429688,0.7811298966407776,right_knee,34.273780822753906,416.27838134765625,0.8559944033622742,right_ankle,67.85166931152344,621.7944946289062,0.8605186939239502,left_hip,165.87448120117188,180.35848999023438,0.913190484046936,left_knee,206.0625457763672,403.06463623046875,0.9442535638809204,left_ankle,224.69259643554688,605.9991455078125,0.9233538508415222
Fall__Fall_f_raw_b_4_B_M_10,18,C:\Users\ASUS\Downloads\3D_Human_Pose_NCKH\paper_baselines\lin2021_yolov8_lstm_gru\data\raw_yolov8_keypoints\Fall\Fall_Fall_f_raw_b_4_B_M_10.csv,1,Fall,1,15,nose,88.5854263305664,37.53327941894531,0.00014649804506916553,neck,86.37142944335938,9.476188659667969,0.017829928547143936,right_shoulder,0.0,16.397804260253906,0.0037560381460934877,right_elbow,9.63032341003418,72.90410614013672,0.05498707294464111,right_wrist,22.136924743652344,166.24105834960938,0.14203333854675293,left_shoulder,172.74285888671875,2.5545730590820312,0.031903818249702454,left_elbow,195.24856567382812,32.20195770263672,0.5018060803413391,left_wrist,212.11611938476562,142.84552001953125,0.5865834951400757,mid_hip,94.69424438476562,180.5482940673828,0.835660994052887,right_hip,23.669414520263672,186.05477905273438,0.7619043588638306,right_knee,34.14637756347656,415.3922424316406,0.8488152027130127,right_ankle,67.80309295654297,620.67626953125,0.8583815097808838,left_hip,165.7190704345703,175.0418243408203,0.9094176292419434,left_knee,205.76573181152344,401.8030700683594,0.9446263909339905,left_ankle,225.2974853515625,606.439208984375,0.9249922037124634
Fall__Fall_f_raw_b_4_B_M_10,19,C:\Users\ASUS\Downloads\3D_Human_Pose_NCKH\paper_baselines\lin2021_yolov8_lstm_gru\data\raw_yolov8_keypoints\Fall\Fall_Fall_f_raw_b_4_B_M_10.csv,1,Fall,1,15,nose,88.7845230102539,30.882476806640625,0.00017279779422096908,neck,85.8747329711914,9.726333618164062,0.02045668102800846,right_shoulder,0.0,16.5216064453125,0.004576574545353651,right_elbow,6.418830871582031,77.25391387939453,0.061970628798007965,right_wrist,14.767742156982422,174.3189697265625,0.15215279161930084,left_shoulder,171.7494659423828,2.931060791015625,0.036336787045001984,left_elbow,195.42147827148438,35.633216857910156,0.5140286684036255,left_wrist,211.99136352539062,147.82562255859375,0.5920632481575012,mid_hip,94.08858489990234,186.72666931152344,0.8441796898841858,right_hip,23.432355880737305,191.96371459960938,0.775270402431488,right_knee,33.46509552001953,415.2732238769531,0.8496849536895752,right_ankle,68.38835144042969,618.737060546875,0.8561542630195618,left_hip,164.74481201171875,181.4896240234375,0.9130889773368835,left_knee,205.87948608398438,404.1603698730469,0.9435515403747559,left_ankle,225.04791259765625,606.11474609375,0.9223701357841492
Fall__Fall_f_raw_b_4_B_M_10,20,C:\Users\ASUS\Downloads\3D_Human_Pose_NCKH\paper_baselines\lin2021_yolov8_lstm_gru\data\raw_yolov8_keypoints\Fall\Fall_Fall_f_raw_b_4_B_M_10.csv,1,Fall,1,15,nose,89.49519348144531,39.85210418701172,0.002076348289847374,neck,78.68660736083984,16.204376220703125,0.06609173119068146,right_shoulder,0.0,24.841644287109375,0.024822838604450226,right_elbow,9.230438232421875,84.11821746826172,0.13912905752658844,right_wrist,8.039623260498047,170.158447265625,0.24013204872608185,left_shoulder,157.3732147216797,7.567108154296875,0.10736061632633209,left_elbow,184.72938537597656,40.39082336425781,0.5227952003479004,left_wrist,206.56930541992188,150.95098876953125,0.5705326199531555,mid_hip,99.69779205322266,189.89385986328125,0.8384720683097839,right_hip,36.216670989990234,196.106689453125,0.7870754599571228,right_knee,35.64011764526367,423.330810546875,0.8359264731407166,right_ankle,79.33856201171875,615.3568725585938,0.8140764236450195,left_hip,163.1789093017578,183.68101501464844,0.8898686766624451,left_knee,207.78289794921875,409.91314697265625,0.9200659990310669,left_ankle,228.91461181640625,604.7410888671875,0.8845621347427368
Fall__Fall_f_raw_b_4_B_M_10,21,C:\Users\ASUS\Downloads\3D_Human_Pose_NCKH\paper_baselines\lin2021_yolov8_lstm_gru\data\raw_yolov8_keypoints\Fall\Fall_Fall_f_raw_b_4_B_M_10.csv,1,Fall,1,15,nose,92.65940856933594,37.74137878417969,0.002249596407637,neck,80.0156478881836,14.975486755371094,0.069110207259655,right_shoulder,0.0,23.496368408203125,0.026363758370280266,right_elbow,9.92116928100586,83.0599594116211,0.144185870885849,right_wrist,12.414161682128906,165.72555541992188,0.2464541494846344,left_shoulder,160.0312957763672,6.4546051025390625,0.11185666173696518,left_elbow,187.65943908691406,38.083030700683594,0.5285423994064331,left_wrist,211.95030212402344,145.95114135742188,0.5754408240318298,mid_hip,99.20082092285156,186.42420959472656,0.8462191820144653,right_hip,34.890380859375,192.64413452148438,0.7971971035003662,right_knee,33.46123123168945,420.883056640625,0.8476501107215881,right_ankle,78.83012390136719,617.0623168945312,0.8256824016571045,left_hip,163.51126098632812,180.2042999267578,0.8952413201332092,left_knee,207.72079467773438,407.51318359375,0.925884485244751,left_ankle,229.46035766601562,605.8760375976562,0.8920717835426331
Fall__Fall_f_raw_b_4_B_M_10,22,C:\Users\ASUS\Downloads\3D_Human_Pose_NCKH\paper_baselines\lin2021_yolov8_lstm_gru\data\raw_yolov8_keypoints\Fall\Fall_Fall_f_raw_b_4_B_M_10.csv,1,Fall,1,15,nose,86.84931945800781,27.186630249023438,0.00015923405590001494,neck,87.30343627929688,11.853870391845703,0.018276575952768326,right_shoulder,0.0,19.058212280273438,0.004861360415816307,right_elbow,6.505302429199219,81.4844970703125,0.06841467320919037,right_wrist,14.757116317749023,178.33023071289062,0.1612216681241989,left_shoulder,174.60687255859375,4.649528503417969,0.031691793352365494,left_elbow,197.2825469970703,38.100563049316406,0.4695807695388794,left_wrist,213.79092407226562,152.70416259765625,0.5559985637664795,mid_hip,95.4564437866211,191.04458618164062,0.8483258485794067,right_hip,24.018001556396484,196.3446044921875,0.7868095636367798,right_knee,34.57829284667969,418.21417236328125,0.8599843382835388,right_ankle,67.93080139160156,620.92919921875,0.8664155602455139,left_hip,166.89488220214844,185.74456787109375,0.9098421335220337,left_knee,205.75474548339844,406.64373779296875,0.9421611428260803,left_ankle,225.46275329589844,606.0107421875,0.9235941171646118
Fall__Fall_f_raw_b_4_B_M_10,23,C:\Users\ASUS\Downloads\3D_Human_Pose_NCKH\paper_baselines\lin2021_yolov8_lstm_gru\data\raw_yolov8_keypoints\Fall\Fall_Fall_f_raw_b_4_B_M_10.csv,1,Fall,1,15,nose,87.3160629272461,33.74958801269531,0.0022708596661686897,neck,79.73016357421875,15.185840606689453,0.0668274536728859,right_shoulder,0.0,24.045272827148438,0.02588988095521927,right_elbow,8.877056121826172,83.74955749511719,0.14185547828674316,right_wrist,12.609661102294922,165.74981689453125,0.24402283132076263,left_shoulder,159.4603271484375,6.326408386230469,0.10776502639055252,left_elbow,189.23480224609375,39.011512756347656,0.512614905834198,left_wrist,208.4590301513672,148.55819702148438,0.5627757906913757,mid_hip,99.11998748779297,184.10842895507812,0.8411921262741089,right_hip,33.47895812988281,190.53628540039062,0.7920369505882263,right_knee,34.56072235107422,421.32708740234375,0.8465452194213867,right_ankle,78.84754943847656,617.119140625,0.8248023986816406,left_hip,164.76101684570312,177.68055725097656,0.8903473615646362,left_knee,206.90904235839844,406.7535095214844,0.9237542748451233,left_ankle,229.35342407226562,605.0554809570312,0.890091061592102
Fall__Fall_f_raw_b_4_B_M_10,24,C:\Users\ASUS\Downloads\3D_Human_Pose_NCKH\paper_baselines\lin2021_yolov8_lstm_gru\data\raw_yolov8_keypoints\Fall\Fall_Fall_f_raw_b_4_B_M_10.csv,1,Fall,1,15,nose,86.91583251953125,12.392257690429688,0.0030044743325561285,neck,82.31857299804688,17.483230590820312,0.09152060002088547,right_shoulder,0.0,24.406402587890625,0.03952106460928917,right_elbow,7.461982727050781,88.73867797851562,0.18423092365264893,right_wrist,2.5760421752929688,171.61300659179688,0.28436779975891113,left_shoulder,164.63714599609375,10.56005859375,0.14352013170719147,left_elbow,190.18753051757812,49.50176239013672,0.5547563433647156,left_wrist,209.74630737304688,157.1959228515625,0.590470016002655,mid_hip,99.6814193725586,197.78549194335938,0.8770946860313416,right_hip,34.87833023071289,202.83877563476562,0.8405054211616516,right_knee,34.439483642578125,420.65252685546875,0.8747041821479797,right_ankle,74.9032974243164,618.2325439453125,0.8498606085777283,left_hip,164.48451232910156,192.73220825195312,0.9136840105056763,left_knee,208.0232391357422,410.70013427734375,0.9349009394645691,left_ankle,230.66683959960938,603.974853515625,0.9028440117835999
Fall__Fall_f_raw_b_4_B_M_10,25,C:\Users\ASUS\Downloads\3D_Human_Pose_NCKH\paper_baselines\lin2021_yolov8_lstm_gru\data\raw_yolov8_keypoints\Fall\Fall_Fall_f_raw_b_4_B_M_10.csv,1,Fall,1,15,nose,84.31735229492188,25.70892333984375,0.00018100185843650252,neck,86.51361083984375,10.295642852783203,0.02129749208688736,right_shoulder,0.0,16.70409393310547,0.0058399164117872715,right_elbow,5.192012786865234,79.48395538330078,0.07936717569828033,right_wrist,11.601007461547852,178.05221557617188,0.18037544190883636,left_shoulder,173.0272216796875,3.8871917724609375,0.036755066365003586,left_elbow,197.23960876464844,38.873130798339844,0.4985322058200836,left_wrist,211.31121826171875,149.43209838867188,0.5804122090339661,mid_hip,98.47379302978516,190.84930419921875,0.8658337593078613,right_hip,27.33017349243164,195.75201416015625,0.8116011619567871,right_knee,36.07068634033203,417.03607177734375,0.8715522289276123,right_ankle,67.95687866210938,620.854736328125,0.8728031516075134,left_hip,169.61741638183594,185.94659423828125,0.9200662970542908,left_knee,208.1117706298828,407.5071716308594,0.946334183216095,left_ankle,224.7011260986328,605.106689453125,0.9264974594116211
Fall__Fall_f_raw_b_4_B_M_10,26,C:\Users\ASUS\Downloads\3D_Human_Pose_NCKH\paper_baselines\lin2021_yolov8_lstm_gru\data\raw_yolov8_keypoints\Fall\Fall_Fall_f_raw_b_4_B_M_10.csv,1,Fall,1,15,nose,90.81101989746094,29.957794189453125,0.00013553460303228348,neck,88.7559814453125,10.591724395751953,0.017136242240667343,right_shoulder,0.0,16.826499938964844,0.004400276113301516,right_elbow,6.951616287231445,78.13433074951172,0.066719651222229,right_wrist,17.98186683654785,174.9990692138672,0.16207411885261536,left_shoulder,177.511962890625,4.3569488525390625,0.02987220697104931,left_elbow,198.2957763671875,37.005775451660156,0.4760727882385254,left_wrist,212.97073364257812,147.03939819335938,0.5663610696792603,mid_hip,97.55790710449219,183.01695251464844,0.8528186082839966,right_hip,25.108394622802734,187.93711853027344,0.7917548418045044,right_knee,35.840389251708984,414.1676330566406,0.8660903573036194,right_ankle,66.52188110351562,618.9493408203125,0.8722293972969055,left_hip,170.00741577148438,178.09677124023438,0.9138824343681335,left_knee,209.07211303710938,404.7225036621094,0.9460281133651733,left_ankle,223.515625,605.6363525390625,0.9279671907424927
Fall__Fall_f_raw_b_4_B_M_10,27,C:\Users\ASUS\Downloads\3D_Human_Pose_NCKH\paper_baselines\lin2021_yolov8_lstm_gru\data\raw_yolov8_keypoints\Fall\Fall_Fall_f_raw_b_4_B_M_10.csv,1,Fall,1,15,nose,91.41011047363281,17.51360321044922,0.00018037334666587412,neck,88.80357360839844,9.808113098144531,0.020511552691459656,right_shoulder,0.0,15.209609985351562,0.005418061278760433,right_elbow,6.165378570556641,74.9176025390625,0.07339991629123688,right_wrist,15.070232391357422,169.44021606445312,0.1712975800037384,left_shoulder,177.60714721679688,4.4066162109375,0.035605043172836304,left_elbow,199.04672241210938,38.929481506347656,0.49147850275039673,left_wrist,215.51211547851562,146.87835693359375,0.5762340426445007,mid_hip,95.93798828125,185.6202850341797,0.8593356013298035,right_hip,24.20376205444336,190.18885803222656,0.801435649394989,right_knee,36.98152542114258,413.5150451660156,0.8714988827705383,right_ankle,64.38871002197266,619.46435546875,0.8749794960021973,left_hip,167.67221069335938,181.0517120361328,0.9172355532646179,left_knee,208.03761291503906,404.3176574707031,0.9473773837089539,left_ankle,225.3679962158203,604.1770629882812,0.9287952184677124
Fall__Fall_f_raw_b_4_B_M_10,28,C:\Users\ASUS\Downloads\3D_Human_Pose_NCKH\paper_baselines\lin2021_yolov8_lstm_gru\data\raw_yolov8_keypoints\Fall\Fall_Fall_f_raw_b_4_B_M_10.csv,1,Fall,1,15,nose,90.4549560546875,11.433380126953125,0.00331380357965827,neck,80.69673156738281,19.38064956665039,0.09683522582054138,right_shoulder,0.0,26.232582092285156,0.040454793721437454,right_elbow,11.12350845336914,84.05543518066406,0.18208922445774078,right_wrist,10.614131927490234,164.47119140625,0.2838588356971741,left_shoulder,161.39346313476562,12.528717041015625,0.1532156616449356,left_elbow,188.5372314453125,46.431861877441406,0.5651131868362427,left_wrist,214.02012634277344,154.68817138671875,0.600587010383606,mid_hip,99.57386779785156,195.724365234375,0.8758859038352966,right_hip,36.64834213256836,200.98081970214844,0.8377810716629028,right_knee,35.67388916015625,421.00115966796875,0.8728354573249817,right_ankle,73.28717041015625,618.3472900390625,0.8472414612770081,left_hip,162.49940490722656,190.46791076660156,0.9139906764030457,left_knee,206.14273071289062,409.3524169921875,0.935202956199646,left_ankle,228.6738739013672,602.0817260742188,0.902542769908905
Fall__Fall_f_raw_b_4_B_M_10,29,C:\Users\ASUS\Downloads\3D_Human_Pose_NCKH\paper_baselines\lin2021_yolov8_lstm_gru\data\raw_yolov8_keypoints\Fall\Fall_Fall_f_raw_b_4_B_M_10.csv,1,Fall,1,15,nose,95.02191925048828,23.3594970703125,0.002221756149083376,neck,82.8068618774414,19.971416473388672,0.07778806984424591,right_shoulder,0.0,26.91162872314453,0.02939034439623356,right_elbow,11.066997528076172,81.3497543334961,0.15825262665748596,right_wrist,5.724277496337891,161.94085693359375,0.26294800639152527,left_shoulder,165.6137237548828,13.031204223632812,0.12618578970432281,left_elbow,193.213134765625,41.12351989746094,0.5607057213783264,left_wrist,220.31619262695312,146.5465850830078,0.6044413447380066,mid_hip,99.45867919921875,189.5885467529297,0.872212827205658,right_hip,35.595359802246094,194.760009765625,0.8300697803497314,right_knee,35.16873550415039,420.48870849609375,0.8712802529335022,right_ankle,72.69984436035156,615.8310546875,0.8505115509033203,left_hip,163.32200622558594,184.41708374023438,0.9143558740615845,left_knee,207.4893035888672,410.11627197265625,0.938040554523468,left_ankle,230.52005004882812,602.3592529296875,0.9078969955444336
Fall__Fall_f_raw_b_4_B_M_10,30,C:\Users\ASUS\Downloads\3D_Human_Pose_NCKH\paper_baselines\lin2021_yolov8_lstm_gru\data\raw_yolov8_keypoints\Fall\Fall_Fall_f_raw_b_4_B_M_10.csv,1,Fall,1,15,nose,92.58938598632812,30.481475830078125,0.0001084761242964305,neck,90.20325469970703,13.27419662475586,0.014192947186529636,right_shoulder,0.0,18.63379669189453,0.0036905044689774513,right_elbow,11.032814025878906,70.7709732055664,0.061333201825618744,right_wrist,21.84425926208496,162.34707641601562,0.1528281420469284,left_shoulder,180.40650939941406,7.9145965576171875,0.024695390835404396,left_elbow,199.85055541992188,33.03703308105469,0.44509264826774597,left_wrist,216.28770446777344,141.933349609375,0.543735682964325,mid_hip,97.63533782958984,178.7731475830078,0.8490341305732727,right_hip,24.853683471679688,183.25909423828125,0.7872565984725952,right_knee,37.18439483642578,412.4395751953125,0.8723286390304565,right_ankle,65.76506805419922,617.64794921875,0.882627010345459,left_hip,170.41700744628906,174.28720092773438,0.910811722278595,left_knee,207.43167114257812,404.5915832519531,0.9479416608810425,left_ankle,225.8397674560547,603.9915161132812,0.9333748817443848
Fall__Fall_f_raw_b_4_B_M_10,31,C:\Users\ASUS\Downloads\3D_Human_Pose_NCKH\paper_baselines\lin2021_yolov8_lstm_gru\data\raw_yolov8_keypoints\Fall\Fall_Fall_f_raw_b_4_B_M_10.csv,1,Fall,1,15,nose,97.33219909667969,28.1693115234375,0.0017409388674423099,neck,83.27496337890625,22.706336975097656,0.06386519968509674,right_shoulder,0.0,29.73687744140625,0.02487647533416748,right_elbow,11.453876495361328,88.7380142211914,0.14677785336971283,right_wrist,6.337074279785156,173.9532470703125,0.2498401254415512,left_shoulder,166.5499267578125,15.675796508789062,0.1028539314866066,left_elbow,194.14678955078125,47.41600799560547,0.5201387405395508,left_wrist,217.90780639648438,151.36148071289062,0.5721302628517151,mid_hip,100.47224426269531,191.58251953125,0.8601389527320862,right_hip,36.018882751464844,197.0958709716797,0.8162366151809692,right_knee,33.74808883666992,420.7654724121094,0.8673052191734314,right_ankle,74.24151611328125,618.0719604492188,0.8518210649490356,left_hip,164.92559814453125,186.06918334960938,0.9040413498878479,left_knee,206.53440856933594,406.7439880371094,0.9343371391296387,left_ankle,230.40798950195312,600.83740234375,0.9077999591827393
Fall__Fall_f_raw_b_4_B_M_10,32,C:\Users\ASUS\Downloads\3D_Human_Pose_NCKH\paper_baselines\lin2021_yolov8_lstm_gru\data\raw_yolov8_keypoints\Fall\Fall_Fall_f_raw_b_4_B_M_10.csv,1,Fall,1,15,nose,93.05017852783203,30.04987335205078,0.00010902668873313814,neck,87.07720184326172,12.739700317382812,0.01583033800125122,right_shoulder,0.0,19.3516845703125,0.004131159745156765,right_elbow,7.807416915893555,77.81689453125,0.0675431489944458,right_wrist,14.259109497070312,172.77615356445312,0.1635921597480774,left_shoulder,174.15440368652344,6.127716064453125,0.02752951718866825,left_elbow,198.44627380371094,35.92369079589844,0.47293004393577576,left_wrist,215.87527465820312,146.40676879882812,0.5640920996665955,mid_hip,97.54000854492188,185.92758178710938,0.8629843592643738,right_hip,26.356069564819336,191.27310180664062,0.8059232831001282,right_knee,38.13417434692383,416.3648681640625,0.8787243962287903,right_ankle,68.51185607910156,621.2620239257812,0.8862076997756958,left_hip,168.7239532470703,180.58204650878906,0.9200454354286194,left_knee,208.41156005859375,404.3789978027344,0.9512233734130859,left_ankle,226.22914123535156,604.1593017578125,0.9362596869468689
Fall__Fall_f_raw_b_4_B_M_10,33,C:\Users\ASUS\Downloads\3D_Human_Pose_NCKH\paper_baselines\lin2021_yolov8_lstm_gru\data\raw_yolov8_keypoints\Fall\Fall_Fall_f_raw_b_4_B_M_10.csv,1,Fall,1,15,nose,82.92909240722656,22.898208618164062,0.00013951855362392962,neck,82.40318298339844,12.500736236572266,0.01707950420677662,right_shoulder,0.0,20.570388793945312,0.005082565359771252,right_elbow,8.03042221069336,82.74691772460938,0.07487551122903824,right_wrist,15.216596603393555,175.83380126953125,0.17147958278656006,left_shoulder,164.80636596679688,4.431083679199219,0.02907644398510456,left_elbow,191.35223388671875,36.44343566894531,0.4436262547969818,left_wrist,210.6383056640625,153.8168487548828,0.5331845879554749,mid_hip,94.60049438476562,186.23106384277344,0.8568591475486755,right_hip,24.536190032958984,192.15023803710938,0.8020732998847961,right_knee,36.157596588134766,415.4938659667969,0.8744551539421082,right_ankle,68.00936889648438,621.6633911132812,0.879317581653595,left_hip,164.664794921875,180.3118896484375,0.9116449952125549,left_knee,206.94134521484375,403.49066162109375,0.9450948238372803,left_ankle,224.71591186523438,605.0341796875,0.9286627769470215
Fall__Fall_f_raw_b_4_B_M_10,34,C:\Users\ASUS\Downloads\3D_Human_Pose_NCKH\paper_baselines\lin2021_yolov8_lstm_gru\data\raw_yolov8_keypoints\Fall\Fall_Fall_f_raw_b_4_B_M_10.csv,1,Fall,1,15,nose,94.23896789550781,26.45514678955078,0.00016167554713319987,neck,88.85552978515625,12.513965606689453,0.020702652633190155,right_shoulder,0.0,18.06493377685547,0.004819009453058243,right_elbow,10.279272079467773,76.37535095214844,0.06768198311328888,right_wrist,18.859594345092773,172.6663055419922,0.16366590559482574,left_shoulder,177.7110595703125,6.9629974365234375,0.03658629581332207,left_elbow,201.10321044921875,40.32849884033203,0.5199881792068481,left_wrist,220.0667266845703,149.98329162597656,0.6004235148429871,mid_hip,97.14220428466797,186.05868530273438,0.8630052804946899,right_hip,25.861541748046875,190.93658447265625,0.8025688529014587,right_knee,37.96012878417969,414.991943359375,0.8744238018989563,right_ankle,67.1494369506836,621.5309448242188,0.8800208568572998,left_hip,168.42286682128906,181.1807861328125,0.9234417080879211,left_knee,209.02606201171875,403.17742919921875,0.9522771239280701,left_ankle,224.3954315185547,603.6302490234375,0.9350066184997559
Fall__Fall_f_raw_b_4_B_M_10,35,C:\Users\ASUS\Downloads\3D_Human_Pose_NCKH\paper_baselines\lin2021_yolov8_lstm_gru\data\raw_yolov8_keypoints\Fall\Fall_Fall_f_raw_b_4_B_M_10.csv,1,Fall,1,15,nose,81.75147247314453,18.273422241210938,0.00024852444767020643,neck,85.35652160644531,9.59765625,0.028748618438839912,right_shoulder,0.0,16.307945251464844,0.0069575137458741665,right_elbow,7.082450866699219,76.52721405029297,0.08317247033119202,right_wrist,15.18815803527832,169.19920349121094,0.18717172741889954,left_shoulder,170.71304321289062,2.8873672485351562,0.05053972452878952,left_elbow,200.87069702148438,38.761962890625,0.5619370341300964,left_wrist,217.11361694335938,149.81057739257812,0.629903256893158,mid_hip,96.57389831542969,187.99014282226562,0.8769881129264832,right_hip,26.230642318725586,193.2069091796875,0.8231788873672485,right_knee,36.029510498046875,415.790771484375,0.8760265707969666,right_ankle,66.48374938964844,620.2178955078125,0.8736711740493774,left_hip,166.9171600341797,182.77337646484375,0.9307973384857178,left_knee,207.1427764892578,403.6700134277344,0.9517084956169128,left_ankle,224.62486267089844,601.1222534179688,0.9300066828727722
Fall__Fall_f_raw_b_4_B_M_10,36,C:\Users\ASUS\Downloads\3D_Human_Pose_NCKH\paper_baselines\lin2021_yolov8_lstm_gru\data\raw_yolov8_keypoints\Fall\Fall_Fall_f_raw_b_4_B_M_10.csv,1,Fall,1,15,nose,88.24776458740234,28.61670684814453,0.0001395962608512491,neck,86.4751205444336,12.51064682006836,0.01915118657052517,right_shoulder,0.0,19.436233520507812,0.00431031221523881,right_elbow,8.939912796020508,77.28817749023438,0.06353659182786942,right_wrist,12.758216857910156,173.984619140625,0.15639327466487885,left_shoulder,172.9502410888672,5.585060119628906,0.033992063254117966,left_elbow,197.95065307617188,36.21837615966797,0.5148159861564636,left_wrist,213.978515625,149.63504028320312,0.5961913466453552,mid_hip,95.0865478515625,186.2212677001953,0.858427882194519,right_hip,24.185651779174805,191.51425170898438,0.7953618168830872,right_knee,34.90641403198242,415.3990173339844,0.8681408762931824,right_ankle,65.35912322998047,618.83837890625,0.8762259483337402,left_hip,165.98744201660156,180.9282989501953,0.9214940071105957,left_knee,207.11895751953125,402.81640625,0.950596272945404,left_ankle,224.17169189453125,602.2213134765625,0.9335116147994995
Fall__Fall_f_raw_b_4_B_M_10,37,C:\Users\ASUS\Downloads\3D_Human_Pose_NCKH\paper_baselines\lin2021_yolov8_lstm_gru\data\raw_yolov8_keypoints\Fall\Fall_Fall_f_raw_b_4_B_M_10.csv,1,Fall,1,15,nose,86.25090026855469,27.098831176757812,0.00012269621947780252,neck,85.54402160644531,12.752586364746094,0.016755713149905205,right_shoulder,0.0,20.534957885742188,0.004260784946382046,right_elbow,7.43712043762207,79.75625610351562,0.06616703420877457,right_wrist,10.23149299621582,173.96612548828125,0.15969473123550415,left_shoulder,171.08804321289062,4.97021484375,0.02925064228475094,left_elbow,195.6802978515625,35.235511779785156,0.47601118683815,left_wrist,210.14266967773438,147.08865356445312,0.5639020204544067,mid_hip,95.5401840209961,185.82699584960938,0.8569959402084351,right_hip,24.261669158935547,191.5191192626953,0.797245442867279,right_knee,34.568878173828125,416.65716552734375,0.8713820576667786,right_ankle,65.5273666381836,619.27392578125,0.8794921040534973,left_hip,166.81869506835938,180.13485717773438,0.9167463779449463,left_knee,206.48611450195312,402.8865051269531,0.9485344290733337,left_ankle,224.49156188964844,602.696533203125,0.9326606392860413
Fall__Fall_f_raw_b_4_B_M_10,38,C:\Users\ASUS\Downloads\3D_Human_Pose_NCKH\paper_baselines\lin2021_yolov8_lstm_gru\data\raw_yolov8_keypoints\Fall\Fall_Fall_f_raw_b_4_B_M_10.csv,1,Fall,1,15,nose,90.81593322753906,29.925064086914062,0.002781932707875967,neck,78.80525207519531,22.513046264648438,0.07932677119970322,right_shoulder,0.0,33.09416198730469,0.03304864093661308,right_elbow,8.592475891113281,86.8410415649414,0.161920964717865,right_wrist,7.322101593017578,167.8369903564453,0.2621604800224304,left_shoulder,157.61050415039062,11.931930541992188,0.12560489773750305,left_elbow,184.965087890625,40.95469665527344,0.5247284770011902,left_wrist,207.40472412109375,150.9901123046875,0.5646317601203918,mid_hip,100.80032348632812,192.7056427001953,0.8558279871940613,right_hip,36.79434585571289,200.2734832763672,0.8128212690353394,right_knee,35.1833610534668,424.7868347167969,0.8606988191604614,right_ankle,75.62919616699219,620.187255859375,0.8388935327529907,left_hip,164.80630493164062,185.13780212402344,0.8988346457481384,left_knee,210.34536743164062,401.4366455078125,0.9290673732757568,left_ankle,225.81756591796875,603.671630859375,0.8983633518218994
Fall__Fall_f_raw_b_4_B_M_10,39,C:\Users\ASUS\Downloads\3D_Human_Pose_NCKH\paper_baselines\lin2021_yolov8_lstm_gru\data\raw_yolov8_keypoints\Fall\Fall_Fall_f_raw_b_4_B_M_10.csv,1,Fall,1,15,nose,84.46002960205078,25.144134521484375,0.00013607421715278178,neck,85.33245086669922,11.760086059570312,0.016537614166736603,right_shoulder,0.0,19.22412872314453,0.004116206895560026,right_elbow,10.886672973632812,77.33061218261719,0.06092871353030205,right_wrist,20.99509620666504,168.17019653320312,0.14885124564170837,left_shoulder,170.66490173339844,4.296043395996094,0.028959020972251892,left_elbow,191.74266052246094,33.62004089355469,0.459371954202652,left_wrist,210.23236083984375,145.66773986816406,0.5463758111000061,mid_hip,95.54151153564453,184.38633728027344,0.8415799736976624,right_hip,24.138839721679688,190.00198364257812,0.7758499383926392,right_knee,33.84663391113281,415.6271667480469,0.8616925477981567,right_ankle,64.87319946289062,621.8954467773438,0.8720077276229858,left_hip,166.94418334960938,178.7706756591797,0.9073100090026855,left_knee,206.90512084960938,402.7793884277344,0.9445955157279968,left_ankle,222.86785888671875,606.295166015625,0.9284117817878723
Fall__Fall_f_raw_b_4_B_M_10,40,C:\Users\ASUS\Downloads\3D_Human_Pose_NCKH\paper_baselines\lin2021_yolov8_lstm_gru\data\raw_yolov8_keypoints\Fall\Fall_Fall_f_raw_b_4_B_M_10.csv,1,Fall,1,15,nose,90.76065826416016,27.317413330078125,0.00012232206063345075,neck,88.87586975097656,14.678340911865234,0.013427384197711945,right_shoulder,0.0,22.25598907470703,0.0036940653808414936,right_elbow,10.877449035644531,78.3984146118164,0.056839920580387115,right_wrist,13.006879806518555,170.7923126220703,0.13958969712257385,left_shoulder,177.75173950195312,7.1006927490234375,0.023160703480243683,left_elbow,195.11407470703125,33.67719268798828,0.4024561047554016,left_wrist,212.3265838623047,150.99195861816406,0.4986172020435333,mid_hip,95.1958236694336,180.9215850830078,0.8268828988075256,right_hip,22.553970336914062,186.35342407226562,0.7596186995506287,right_knee,35.21382141113281,413.661865234375,0.8621091842651367,right_ankle,65.32166290283203,622.6246948242188,0.8759247064590454,left_hip,167.83767700195312,175.48974609375,0.8941470980644226,left_knee,208.29229736328125,401.9078369140625,0.941824197769165,left_ankle,224.13409423828125,609.6292114257812,0.9284130930900574
Fall__Fall_f_raw_b_4_B_M_10,41,C:\Users\ASUS\Downloads\3D_Human_Pose_NCKH\paper_baselines\lin2021_yolov8_lstm_gru\data\raw_yolov8_keypoints\Fall\Fall_Fall_f_raw_b_4_B_M_10.csv,1,Fall,1,15,nose,94.80325317382812,36.54057312011719,9.020363359013572e-05,neck,89.344482421875,16.095726013183594,0.011059792712330818,right_shoulder,0.0,22.972938537597656,0.0026505147106945515,right_elbow,11.108619689941406,75.35627746582031,0.04602007940411568,right_wrist,14.842815399169922,169.23216247558594,0.12308871001005173,left_shoulder,178.68896484375,9.218513488769531,0.019469069316983223,left_elbow,195.12648010253906,32.583709716796875,0.40071624517440796,left_wrist,212.62229919433594,150.76055908203125,0.5037533044815063,mid_hip,92.28755187988281,175.77297973632812,0.8139348030090332,right_hip,18.82624053955078,181.23556518554688,0.7369597554206848,right_knee,35.17564392089844,414.5843811035156,0.8550813794136047,right_ankle,65.50006103515625,623.4566650390625,0.873979389667511,left_hip,165.7488555908203,170.3103790283203,0.8909099102020264,left_knee,208.2893829345703,401.4715576171875,0.9432216882705688,left_ankle,225.1484375,608.7030029296875,0.9308988451957703
Fall__Fall_f_raw_b_4_B_M_10,42,C:\Users\ASUS\Downloads\3D_Human_Pose_NCKH\paper_baselines\lin2021_yolov8_lstm_gru\data\raw_yolov8_keypoints\Fall\Fall_Fall_f_raw_b_4_B_M_10.csv,1,Fall,1,15,nose,95.93831634521484,32.456634521484375,9.920966840581968e-05,neck,90.45536041259766,12.169052124023438,0.01166845764964819,right_shoulder,0.0,18.428924560546875,0.002982543781399727,right_elbow,9.903739929199219,70.45214080810547,0.05080785974860191,right_wrist,16.762475967407227,165.0607452392578,0.1320788711309433,left_shoulder,180.9107208251953,5.9091796875,0.020354371517896652,left_elbow,197.0322265625,31.155166625976562,0.40118277072906494,left_wrist,215.37208557128906,146.389404296875,0.5043340921401978,mid_hip,94.39716339111328,175.38497924804688,0.8201256394386292,right_hip,20.590003967285156,180.37518310546875,0.7478310465812683,right_knee,34.54020690917969,412.5416564941406,0.8568612337112427,right_ankle,64.68347930908203,619.6808471679688,0.8729887008666992,left_hip,168.20433044433594,170.394775390625,0.8924201726913452,left_knee,207.84104919433594,401.9425964355469,0.9419678449630737,left_ankle,224.32794189453125,609.5418701171875,0.9285826683044434
Fall__Fall_f_raw_b_4_B_M_10,43,C:\Users\ASUS\Downloads\3D_Human_Pose_NCKH\paper_baselines\lin2021_yolov8_lstm_gru\data\raw_yolov8_keypoints\Fall\Fall_Fall_f_raw_b_4_B_M_10.csv,1,Fall,1,15,nose,93.67822265625,35.75470733642578,0.00185330118983984,neck,82.4510726928711,22.790668487548828,0.0534842349588871,right_shoulder,0.0,33.68522644042969,0.020539842545986176,right_elbow,8.74566650390625,79.77147674560547,0.12192525714635849,right_wrist,6.755218505859375,158.18179321289062,0.2182271033525467,left_shoulder,164.9021453857422,11.896110534667969,0.08642862737178802,left_elbow,187.8795166015625,30.627639770507812,0.46302738785743713,left_wrist,214.42108154296875,143.44248962402344,0.5221419930458069,mid_hip,98.15850830078125,176.53187561035156,0.8286662101745605,right_hip,31.183914184570312,183.8859100341797,0.7763986587524414,right_knee,35.6788215637207,419.4980163574219,0.854293167591095,right_ankle,72.06106567382812,615.8699340820312,0.8426610231399536,left_hip,165.1331024169922,169.17782592773438,0.8809337615966797,left_knee,211.32875061035156,400.5112609863281,0.927996039390564,left_ankle,228.86849975585938,608.232421875,0.9022915363311768
Fall__Fall_f_raw_b_4_B_M_10,44,C:\Users\ASUS\Downloads\3D_Human_Pose_NCKH\paper_baselines\lin2021_yolov8_lstm_gru\data\raw_yolov8_keypoints\Fall\Fall_Fall_f_raw_b_4_B_M_10.csv,1,Fall,1,15,nose,92.67845153808594,27.471771240234375,0.002346210880205035,neck,82.35843658447266,20.52440643310547,0.06350637972354889,right_shoulder,0.0,30.513107299804688,0.025596983730793,right_elbow,10.311859130859375,79.94320678710938,0.13764970004558563,right_wrist,12.02823257446289,158.6676025390625,0.23583760857582092,left_shoulder,164.7168731689453,10.53570556640625,0.10141578316688538,left_elbow,187.3376922607422,32.934471130371094,0.48093563318252563,left_wrist,213.64584350585938,145.81875610351562,0.5342669486999512,mid_hip,98.0752182006836,179.21124267578125,0.8400489687919617,right_hip,31.630474090576172,186.32400512695312,0.7923398613929749,right_knee,36.16789627075195,419.19635009765625,0.8610202670097351,right_ankle,74.055419921875,618.8688354492188,0.8448941707611084,left_hip,164.5199737548828,172.09849548339844,0.8877580761909485,left_knee,212.09146118164062,400.2171936035156,0.9295430183410645,left_ankle,229.36151123046875,606.6503295898438,0.9021661877632141
Fall__Fall_f_raw_b_4_B_M_10,45,C:\Users\ASUS\Downloads\3D_Human_Pose_NCKH\paper_baselines\lin2021_yolov8_lstm_gru\data\raw_yolov8_keypoints\Fall\Fall_Fall_f_raw_b_4_B_M_10.csv,1,Fall,1,15,nose,80.06137084960938,18.25334930419922,0.00014560508134309202,neck,85.88801574707031,10.17293930053711,0.01582968421280384,right_shoulder,0.0,18.262367248535156,0.004227251745760441,right_elbow,9.719232559204102,78.75560760498047,0.06024092808365822,right_wrist,12.849540710449219,172.6143035888672,0.14333586394786835,left_shoulder,171.77603149414062,2.0835113525390625,0.027432117611169815,left_elbow,191.1278839111328,30.294273376464844,0.42630577087402344,left_wrist,211.4862060546875,149.95677185058594,0.512675404548645,mid_hip,92.21849822998047,183.35397338867188,0.8318195939064026,right_hip,19.23461151123047,188.90325927734375,0.7652522325515747,right_knee,32.49226379394531,416.4458312988281,0.8555455803871155,right_ankle,66.45653533935547,622.9262084960938,0.8652873635292053,left_hip,165.20237731933594,177.80470275878906,0.8983870148658752,left_knee,209.84449768066406,406.4907531738281,0.9393136501312256,left_ankle,223.8655242919922,609.517333984375,0.9220537543296814
Fall__Fall_f_raw_b_4_B_M_10,46,C:\Users\ASUS\Downloads\3D_Human_Pose_NCKH\paper_baselines\lin2021_yolov8_lstm_gru\data\raw_yolov8_keypoints\Fall\Fall_Fall_f_raw_b_4_B_M_10.csv,1,Fall,1,15,nose,81.26492309570312,17.55992889404297,0.00015358772361651063,neck,86.87399291992188,10.38003158569336,0.015647467225790024,right_shoulder,0.0,17.688697814941406,0.004218010231852531,right_elbow,12.289278030395508,75.7884750366211,0.059079963713884354,right_wrist,19.764867782592773,165.26998901367188,0.141356959939003,left_shoulder,173.74798583984375,3.0713653564453125,0.027076924219727516,left_elbow,191.44796752929688,32.41548156738281,0.41654908657073975,left_wrist,209.98776245117188,146.34072875976562,0.5045723915100098,mid_hip,93.20124816894531,179.4739990234375,0.8228867650032043,right_hip,20.30760955810547,184.7593994140625,0.7539706230163574,right_knee,33.8419303894043,414.8242492675781,0.8505014181137085,right_ankle,66.44330596923828,622.8327026367188,0.8599740266799927,left_hip,166.09487915039062,174.1885986328125,0.891802966594696,left_knee,210.1288604736328,404.830078125,0.9363381862640381,left_ankle,224.247314453125,610.2531127929688,0.9182153344154358
Fall__Fall_f_raw_b_4_B_M_10,47,C:\Users\ASUS\Downloads\3D_Human_Pose_NCKH\paper_baselines\lin2021_yolov8_lstm_gru\data\raw_yolov8_keypoints\Fall\Fall_Fall_f_raw_b_4_B_M_10.csv,1,Fall,1,15,nose,83.92003631591797,17.384719848632812,0.0001732663658913225,neck,85.50469970703125,9.331375122070312,0.01878003589808941,right_shoulder,0.0,17.188705444335938,0.004929634742438793,right_elbow,8.389383316040039,78.92790985107422,0.06616704910993576,right_wrist,11.92123031616211,171.85414123535156,0.15492822229862213,left_shoulder,171.0093994140625,1.4740447998046875,0.03263043612241745,left_elbow,191.55218505859375,32.69242858886719,0.46228688955307007,left_wrist,210.641845703125,146.36383056640625,0.543953537940979,mid_hip,93.20008850097656,181.91929626464844,0.8441660404205322,right_hip,21.56147003173828,187.60958862304688,0.7808656096458435,right_knee,34.847938537597656,416.2367248535156,0.8620139956474304,right_ankle,66.74230194091797,623.6988525390625,0.86676025390625,left_hip,164.83871459960938,176.22898864746094,0.907466471195221,left_knee,209.0262451171875,404.05242919921875,0.9432415962219238,left_ankle,224.350341796875,608.785400390625,0.9239639043807983
Fall__Fall_f_raw_b_4_B_M_10,48,C:\Users\ASUS\Downloads\3D_Human_Pose_NCKH\paper_baselines\lin2021_yolov8_lstm_gru\data\raw_yolov8_keypoints\Fall\Fall_Fall_f_raw_b_4_B_M_10.csv,1,Fall,1,15,nose,86.27388763427734,16.091583251953125,0.0002034690696746111,neck,87.28089904785156,7.9158782958984375,0.020128069445490837,right_shoulder,0.0,15.031814575195312,0.005535067990422249,right_elbow,8.742462158203125,74.45054626464844,0.07091239839792252,right_wrist,13.693056106567383,167.9517059326172,0.16255781054496765,left_shoulder,174.56179809570312,0.7999420166015625,0.034721069037914276,left_elbow,193.50352478027344,32.91130828857422,0.46419185400009155,left_wrist,211.2568359375,145.64657592773438,0.5462083220481873,mid_hip,94.41236114501953,178.69264221191406,0.8478590250015259,right_hip,22.431060791015625,184.10400390625,0.7873893976211548,right_knee,33.77189636230469,415.24896240234375,0.8655889630317688,right_ankle,66.57138061523438,625.1478881835938,0.8668712377548218,left_hip,166.39366149902344,173.28126525878906,0.9083285927772522,left_knee,209.5810089111328,402.6834716796875,0.943429172039032,left_ankle,226.15878295898438,610.1954345703125,0.922828197479248
Fall__Fall_f_raw_b_4_B_M_10,49,C:\Users\ASUS\Downloads\3D_Human_Pose_NCKH\paper_baselines\lin2021_yolov8_lstm_gru\data\raw_yolov8_keypoints\Fall\Fall_Fall_f_raw_b_4_B_M_10.csv,1,Fall,1,15,nose,83.88710021972656,10.833160400390625,0.00023405993124470115,neck,86.05581665039062,6.379703521728516,0.02434699796140194,right_shoulder,0.0,12.759407043457031,0.0059440769255161285,right_elbow,13.036497116088867,75.29431915283203,0.07176583260297775,right_wrist,28.732452392578125,166.6771240234375,0.16554035246372223,left_shoulder,172.11163330078125,0.0,0.04274991899728775,left_elbow,192.50733947753906,31.49590301513672,0.5141721367835999,left_wrist,211.60409545898438,144.41864013671875,0.5856101512908936,mid_hip,94.42642211914062,184.7897186279297,0.8552784323692322,right_hip,22.699058532714844,190.40570068359375,0.7935023903846741,right_knee,33.91889953613281,416.3873291015625,0.862684965133667,right_ankle,65.99187469482422,622.9639282226562,0.8634157180786133,left_hip,166.15377807617188,179.17373657226562,0.9170544743537903,left_knee,210.0263671875,404.042236328125,0.9456424713134766,left_ankle,225.38668823242188,608.7799072265625,0.9236807227134705
Fall__Fall_f_raw_b_4_B_M_10,50,C:\Users\ASUS\Downloads\3D_Human_Pose_NCKH\paper_baselines\lin2021_yolov8_lstm_gru\data\raw_yolov8_keypoints\Fall\Fall_Fall_f_raw_b_4_B_M_10.csv,1,Fall,1,15,nose,88.88944244384766,13.303802490234375,0.00022991825244389474,neck,88.61161804199219,6.968341827392578,0.023478316143155098,right_shoulder,0.0,13.868820190429688,0.006201477721333504,right_elbow,12.196163177490234,75.0153579711914,0.0758734866976738,right_wrist,20.873382568359375,169.74119567871094,0.17166680097579956,left_shoulder,177.22323608398438,0.06786346435546875,0.04075515270233154,left_elbow,197.0557861328125,33.62260437011719,0.5014278292655945,left_wrist,214.41018676757812,145.9881134033203,0.5775178670883179,mid_hip,97.32880401611328,185.37437438964844,0.8597620725631714,right_hip,25.977710723876953,190.53939819335938,0.8020129799842834,right_knee,34.913509368896484,416.5840759277344,0.869644284248352,right_ankle,66.1582260131836,624.8387451171875,0.8699735999107361,left_hip,168.67990112304688,180.20933532714844,0.9175112247467041,left_knee,208.29205322265625,404.5577087402344,0.9465535879135132,left_ankle,225.23455810546875,609.014404296875,0.9257819056510925
Fall__Fall_f_raw_b_4_B_M_10,51,C:\Users\ASUS\Downloads\3D_Human_Pose_NCKH\paper_baselines\lin2021_yolov8_lstm_gru\data\raw_yolov8_keypoints\Fall\Fall_Fall_f_raw_b_4_B_M_10.csv,1,Fall,1,15,nose,88.1046371459961,16.922927856445312,0.0001550533197587356,neck,86.96560668945312,6.9005584716796875,0.019554156810045242,right_shoulder,0.0,13.801116943359375,0.004816908854991198,right_elbow,12.423288345336914,76.68839263916016,0.06881504505872726,right_wrist,25.00029945373535,174.08706665039062,0.16427479684352875,left_shoulder,173.93121337890625,0.0,0.034291405230760574,left_elbow,196.883056640625,34.184715270996094,0.49813374876976013,left_wrist,213.70181274414062,149.51930236816406,0.5801249742507935,mid_hip,96.13327026367188,186.90109252929688,0.8590738773345947,right_hip,24.195985794067383,192.30958557128906,0.7990220189094543,right_knee,35.37394714355469,418.94256591796875,0.8680598139762878,right_ankle,65.86187744140625,624.14453125,0.8719464540481567,left_hip,168.070556640625,181.49261474609375,0.9191257357597351,left_knee,209.7242431640625,406.5172119140625,0.947798490524292,left_ankle,225.291015625,607.95458984375,0.9287287592887878
Fall__Fall_f_raw_b_4_B_M_10,52,C:\Users\ASUS\Downloads\3D_Human_Pose_NCKH\paper_baselines\lin2021_yolov8_lstm_gru\data\raw_yolov8_keypoints\Fall\Fall_Fall_f_raw_b_4_B_M_10.csv,1,Fall,1,15,nose,87.26994323730469,11.110015869140625,0.0037889531813561916,neck,81.34851837158203,14.263778686523438,0.09333951771259308,right_shoulder,0.0,23.666793823242188,0.03925507143139839,right_elbow,9.182968139648438,78.3153076171875,0.17295953631401062,right_wrist,14.096294403076172,157.73959350585938,0.27325356006622314,left_shoulder,162.69703674316406,4.8607635498046875,0.14742396771907806,left_elbow,188.87709045410156,35.265655517578125,0.5427040457725525,left_wrist,214.6668701171875,147.1871337890625,0.5794520974159241,mid_hip,99.48707580566406,189.46632385253906,0.863723874092102,right_hip,34.19234848022461,196.0682373046875,0.8228875398635864,right_knee,33.66819763183594,419.21942138671875,0.8663514256477356,right_ankle,72.35740661621094,616.0925903320312,0.8415426015853882,left_hip,164.78179931640625,182.86441040039062,0.9045602083206177,left_knee,211.14710998535156,401.76812744140625,0.9314076900482178,left_ankle,230.6615753173828,605.2135620117188,0.8986948132514954
Fall__Fall_f_raw_b_4_B_M_10,53,C:\Users\ASUS\Downloads\3D_Human_Pose_NCKH\paper_baselines\lin2021_yolov8_lstm_gru\data\raw_yolov8_keypoints\Fall\Fall_Fall_f_raw_b_4_B_M_10.csv,1,Fall,1,15,nose,86.95333862304688,17.889312744140625,0.00015253006131388247,neck,86.98042297363281,5.9423675537109375,0.01954822987318039,right_shoulder,0.0,11.884735107421875,0.004412877839058638,right_elbow,10.95033073425293,75.13357543945312,0.06275184452533722,right_wrist,21.19987678527832,169.96705627441406,0.1537153422832489,left_shoulder,173.96084594726562,0.0,0.034683581441640854,left_elbow,196.68434143066406,30.988929748535156,0.5081043243408203,left_wrist,217.64076232910156,144.8300018310547,0.587031900882721,mid_hip,95.38607788085938,182.0574951171875,0.855138897895813,right_hip,22.97494125366211,187.23727416992188,0.7908762693405151,right_knee,34.231143951416016,414.09002685546875,0.8662896752357483,right_ankle,65.32327270507812,621.6128540039062,0.8724571466445923,left_hip,167.79721069335938,176.8777313232422,0.9194014668464661,left_knee,210.71585083007812,404.9554443359375,0.9496067762374878,left_ankle,224.65335083007812,608.2985229492188,0.9309316277503967
Fall__Fall_f_raw_b_4_B_M_10,54,C:\Users\ASUS\Downloads\3D_Human_Pose_NCKH\paper_baselines\lin2021_yolov8_lstm_gru\data\raw_yolov8_keypoints\Fall\Fall_Fall_f_raw_b_4_B_M_10.csv,1,Fall,1,15,nose,89.98965454101562,20.912338256835938,0.00011543807340785861,neck,88.62008666992188,9.156909942626953,0.015257454477250576,right_shoulder,0.0,16.646759033203125,0.0038652357179671526,right_elbow,11.038541793823242,80.2577133178711,0.060936007648706436,right_wrist,20.271114349365234,170.4539337158203,0.14983563125133514,left_shoulder,177.24017333984375,1.6670608520507812,0.026649674400687218,left_elbow,198.9122772216797,34.060890197753906,0.4544390141963959,left_wrist,216.2535400390625,144.99179077148438,0.5443453788757324,mid_hip,96.24462890625,178.43020629882812,0.846790075302124,right_hip,22.707252502441406,183.83111572265625,0.7829740047454834,right_knee,33.91181945800781,413.74456787109375,0.8658503890037537,right_ankle,64.9626235961914,618.7692260742188,0.8743302822113037,left_hip,169.78201293945312,173.029296875,0.9106062054634094,left_knee,210.8302459716797,403.8950500488281,0.946338951587677,left_ankle,225.29217529296875,608.4728393554688,0.9294159412384033
Fall__Fall_f_raw_b_4_B_M_10,55,C:\Users\ASUS\Downloads\3D_Human_Pose_NCKH\paper_baselines\lin2021_yolov8_lstm_gru\data\raw_yolov8_keypoints\Fall\Fall_Fall_f_raw_b_4_B_M_10.csv,1,Fall,1,15,nose,101.01344299316406,31.433853149414062,0.00035617590765468776,neck,90.2707748413086,22.342002868652344,0.02809075079858303,right_shoulder,0.0,29.807281494140625,0.008796927519142628,right_elbow,19.566261291503906,80.48796844482422,0.09359944611787796,right_wrist,24.422069549560547,164.24563598632812,0.19177068769931793,left_shoulder,180.5415496826172,14.876724243164062,0.04738457500934601,left_elbow,197.8169403076172,38.182456970214844,0.4913928210735321,left_wrist,217.48126220703125,144.29905700683594,0.5639989376068115,mid_hip,97.05401611328125,180.1520233154297,0.8698092103004456,right_hip,27.879587173461914,185.41273498535156,0.8204351663589478,right_knee,36.077362060546875,420.236083984375,0.885046124458313,right_ankle,70.40998077392578,621.8109741210938,0.891191840171814,left_hip,166.22845458984375,174.8913116455078,0.9191832542419434,left_knee,213.3387908935547,407.14642333984375,0.9491601586341858,left_ankle,224.80767822265625,608.3177490234375,0.9355958104133606
Fall__Fall_f_raw_b_4_B_M_10,56,C:\Users\ASUS\Downloads\3D_Human_Pose_NCKH\paper_baselines\lin2021_yolov8_lstm_gru\data\raw_yolov8_keypoints\Fall\Fall_Fall_f_raw_b_4_B_M_10.csv,1,Fall,1,15,nose,93.69198608398438,25.452438354492188,0.0003840999852400273,neck,88.14054107666016,20.873210906982422,0.02932083234190941,right_shoulder,0.0,28.936111450195312,0.009104465134441853,right_elbow,15.807134628295898,81.58946228027344,0.0920921266078949,right_wrist,17.183074951171875,164.3861083984375,0.18676789104938507,left_shoulder,176.2810821533203,12.810310363769531,0.04953720048069954,left_elbow,195.78236389160156,37.61888122558594,0.49035701155662537,left_wrist,215.27490234375,147.86505126953125,0.5589839816093445,mid_hip,95.93546295166016,179.82672119140625,0.8676406741142273,right_hip,26.99424934387207,185.2939910888672,0.8173930048942566,right_knee,35.31265640258789,418.2117004394531,0.8836413621902466,right_ankle,71.7137222290039,621.2913818359375,0.8906798362731934,left_hip,164.87667846679688,174.35943603515625,0.917888343334198,left_knee,210.9737091064453,405.50360107421875,0.948652446269989,left_ankle,224.4510040283203,608.0146484375,0.9352138042449951
Fall__Fall_f_raw_b_4_B_M_10,57,C:\Users\ASUS\Downloads\3D_Human_Pose_NCKH\paper_baselines\lin2021_yolov8_lstm_gru\data\raw_yolov8_keypoints\Fall\Fall_Fall_f_raw_b_4_B_M_10.csv,1,Fall,1,15,nose,90.95857238769531,15.736473083496094,0.0002116462856065482,neck,88.46464538574219,6.857780456542969,0.023165345191955566,right_shoulder,0.0,12.644393920898438,0.00630336394533515,right_elbow,8.197443008422852,74.59888458251953,0.07922399789094925,right_wrist,9.403524398803711,173.2100830078125,0.176610067486763,left_shoulder,176.92929077148438,1.0711669921875,0.040027327835559845,left_elbow,197.60531616210938,38.91350555419922,0.5039862990379333,left_wrist,214.45843505859375,152.5555419921875,0.5802363157272339,mid_hip,97.01307678222656,188.8702392578125,0.8652161359786987,right_hip,26.540136337280273,193.45706176757812,0.8101159334182739,right_knee,36.031883239746094,414.04736328125,0.8735904097557068,right_ankle,67.54196166992188,621.5135498046875,0.8747838139533997,left_hip,167.48602294921875,184.28343200683594,0.9203163385391235,left_knee,208.52349853515625,404.3357849121094,0.9478487968444824,left_ankle,224.75294494628906,607.25732421875,0.9282512068748474
Fall__Fall_f_raw_b_4_B_M_10,58,C:\Users\ASUS\Downloads\3D_Human_Pose_NCKH\paper_baselines\lin2021_yolov8_lstm_gru\data\raw_yolov8_keypoints\Fall\Fall_Fall_f_raw_b_4_B_M_10.csv,1,Fall,1,15,nose,88.19427490234375,13.6834716796875,0.00022811355302110314,neck,86.35616302490234,6.411094665527344,0.025083499029278755,right_shoulder,0.0,12.775520324707031,0.006820342969149351,right_elbow,8.51220703125,76.9614028930664,0.08296344429254532,right_wrist,8.859901428222656,173.92327880859375,0.18225686252117157,left_shoulder,172.7123260498047,0.04666900634765625,0.04334665462374687,left_elbow,195.73391723632812,39.00434875488281,0.5164483189582825,left_wrist,212.7864990234375,153.2916259765625,0.5885018110275269,mid_hip,96.41604614257812,188.84378051757812,0.8693868517875671,right_hip,26.407447814941406,193.65313720703125,0.8157021403312683,right_knee,36.730247497558594,414.8919982910156,0.8742759823799133,right_ankle,68.08201599121094,621.4674682617188,0.872739851474762,left_hip,166.4246368408203,184.03440856933594,0.9230716228485107,left_knee,209.33029174804688,405.9844665527344,0.94822758436203,left_ankle,224.38372802734375,608.7819213867188,0.9269809126853943
Fall__Fall_f_raw_b_4_B_M_10,59,C:\Users\ASUS\Downloads\3D_Human_Pose_NCKH\paper_baselines\lin2021_yolov8_lstm_gru\data\raw_yolov8_keypoints\Fall\Fall_Fall_f_raw_b_4_B_M_10.csv,1,Fall,1,15,nose,96.18008422851562,25.09332275390625,0.00046140814083628356,neck,88.58318328857422,23.17254638671875,0.037396155297756195,right_shoulder,0.0,30.60124969482422,0.010417571291327477,right_elbow,15.586812973022461,82.18437194824219,0.09708195924758911,right_wrist,18.372522354125977,164.56874084472656,0.19461657106876373,left_shoulder,177.16636657714844,15.743843078613281,0.06437473744153976,left_elbow,194.68661499023438,42.43585968017578,0.5551566481590271,left_wrist,216.71461486816406,150.7133331298828,0.6096861958503723,mid_hip,96.55429077148438,185.45899963378906,0.8821850419044495,right_hip,28.208438873291016,190.69842529296875,0.8334310054779053,right_knee,36.29155731201172,418.6789855957031,0.8885490894317627,right_ankle,71.0030746459961,617.988037109375,0.894073486328125,left_hip,164.900146484375,180.21957397460938,0.9309390783309937,left_knee,212.28053283691406,406.0866394042969,0.9543582797050476,left_ankle,223.76434326171875,606.0047607421875,0.9399821162223816
